"2022-03-25","Makino-L3-Unit1-2015","Shopfloor-L3","126.49","5.58","6.54","10.60","52.00","33.80","0.54","32.73","14266","355.00","33.92","2.17","No_Machine_Failure"
"2022-03-22","Makino-L1-Unit1-2013","Shopfloor-L1","68.18","5.36","6.42","11.10","43.30","37.20","0.73","24.99","16817","262.00","28.39","2.32","Machine_Failure"
"2022-04-17","Makino-L1-Unit1-2013","Shopfloor-L1","81.14","5.24","7.15","12.20","50.60","34.90","1.21","26.47","15217","357.00","30.51","2.02","No_Machine_Failure"
"2022-03-22","Makino-L2-Unit1-2015","Shopfloor-L2","108.97","5.63","6.06","26.20","47.80","28.60","1.42","28.09","14152","391.00","31.62","3.03","No_Machine_Failure"
"2022-04-11","Makino-L1-Unit1-2013","Shopfloor-L1","137.27","5.19","5.79","22.10","59.10","31.50","0.58","23.84","13272","292.00","22.87","2.11","No_Machine_Failure"
"2022-02-24","Makino-L3-Unit1-2015","Shopfloor-L3","101.82","5.30","5.93","5.70","47.00","34.90","1.12","39.65","17726","281.00","33.92","2.78","No_Machine_Failure"
"2022-03-16","Makino-L2-Unit1-2015","Shopfloor-L2","77.69","5.57","6.37","18.20","50.00","41.50","1.45","26.87","20504","403.00","29.46","3.55","Machine_Failure"
"2022-03-13","Makino-L1-Unit1-2013","Shopfloor-L1","89.46","5.40","6.84","12.20","44.10","37.90","0.98","27.06","19197","325.00","33.92","3.00","No_Machine_Failure"
"2022-03-08","Makino-L3-Unit1-2015","Shopfloor-L3","61.73","6.86","6.53","23.90","44.80","32.70","0.93","16.84","21951","381.00","17.90","2.41","Machine_Failure"
"2022-03-22","Makino-L1-Unit1-2013","Shopfloor-L1","66.56","6.56","6.67","15.40","46.80","34.40","0.71","24.32","17061","339.00","27.98","2.42","Machine_Failure"
"2022-05-04","Makino-L2-Unit1-2015","Shopfloor-L2","60.30","4.57","6.98","30.30","42.10","34.80","0.68","30.94","26526","319.00","15.90","2.52","Machine_Failure"
"2022-03-24","Makino-L2-Unit1-2015","Shopfloor-L2","61.73","4.86","6.94","6.90","49.30","33.80","1.09","34.47","26605","381.00","29.21","3.91","Machine_Failure"
"2022-03-31","Makino-L2-Unit1-2015","Shopfloor-L2","55.53","6.96","6.38","14.70","47.20","36.20","0.90","29.32","25528","364.00","25.46","3.69","Machine_Failure"
"2022-05-15","Makino-L2-Unit1-2015","Shopfloor-L2","129.95","3.13","5.60","9.90","45.20","36.20","0.90","24.21","14266","326.00","35.58","1.99","No_Machine_Failure"
"2021-12-17","Makino-L1-Unit1-2013","Shopfloor-L1","74.54","6.58","6.53","24.40","48.10","36.60","0.78","25.05","27957","307.00","23.92","3.59","Machine_Failure"
"2022-03-10","Makino-L3-Unit1-2015","Shopfloor-L3","53.65","4.84","6.00","29.80","47.90","36.60","1.06","26.47","27613","403.00","26.75","3.59","Machine_Failure"
"2022-04-09","Makino-L1-Unit1-2013","Shopfloor-L1","76.33","4.53","6.09","29.80","43.10","28.10","1.56","13.70","20504","355.00","15.90","2.55","Machine_Failure"
"2022-02-26","Makino-L3-Unit1-2015","Shopfloor-L3","82.54","4.96","6.41","13.40","49.40","35.30","0.75","10.45","19945","287.00","23.94","2.66","Machine_Failure"
"2022-04-07","Makino-L3-Unit1-2015","Shopfloor-L3","139.80","5.22","6.95","22.30","47.10","35.50","0.95","31.80","20966","361.00","35.58","1.99","No_Machine_Failure"
"2022-03-02","Makino-L2-Unit1-2015","Shopfloor-L2","70.35","6.89","6.46","16.80","52.30","38.90","0.98","32.33","17919","425.00","27.31","3.55","Machine_Failure"
"2022-04-03","Makino-L2-Unit1-2015","Shopfloor-L2","123.94","5.01","7.05","9.90","53.20","33.00","1.05","25.13","20155","300.00","33.92","1.95","No_Machine_Failure"
"2022-03-08","Makino-L1-Unit1-2013","Shopfloor-L1","145.98","4.32","6.11","21.50","47.50","36.00","1.38","24.28","17335","391.00","14.45","2.29","Machine_Failure"
"2022-03-04","Makino-L3-Unit1-2015","Shopfloor-L3","94.96","5.43","7.09","24.30","48.10","32.90","0.38","26.93","21782","364.00","21.92","2.85","No_Machine_Failure"
"2022-03-28","Makino-L1-Unit1-2013","Shopfloor-L1","118.88","5.68","6.15","26.60","48.00","25.20","1.42","25.59","22771","363.00","20.97","3.00","No_Machine_Failure"
"2022-04-17","Makino-L2-Unit1-2015","Shopfloor-L2","80.73","3.14","6.56","11.90","47.60","25.30","1.15","26.11","14266","325.00","35.58","3.08","No_Machine_Failure"
"2022-02-28","Makino-L3-Unit1-2015","Shopfloor-L3","90.89","4.92","6.60","24.40","51.80","35.20","0.30","25.54","25528","342.00","24.12","3.61","Machine_Failure"
"2022-01-31","Makino-L1-Unit1-2013","Shopfloor-L1","145.98","4.82","5.89","26.40","38.80","31.00","0.85","29.79","19457","374.00","24.54","3.93","Machine_Failure"
"2022-03-01","Makino-L3-Unit1-2015","Shopfloor-L3","95.71","5.48","7.01","10.60","49.20","38.10","1.08","26.74","14266","403.00","21.71","1.85","No_Machine_Failure"
"2022-04-22","Makino-L1-Unit1-2013","Shopfloor-L1","77.27","4.57","6.92","28.70","42.50","37.00","0.78","26.13","26605","365.00","25.75","2.55","Machine_Failure"
"2022-02-02","Makino-L3-Unit1-2015","Shopfloor-L3","53.89","4.84","7.34","28.70","38.50","31.50","0.77","30.66","25528","368.00","16.96","3.49","Machine_Failure"
"2022-03-16","Makino-L1-Unit1-2013","Shopfloor-L1","130.89","5.92","6.44","28.50","44.40","35.20","0.94","19.50","23557","413.00","20.27","3.22","No_Machine_Failure"
"2021-12-27","Makino-L1-Unit1-2013","Shopfloor-L1","83.64","4.86","6.15","23.40","50.10","35.20","0.87","31.88","27613","378.00","23.90","2.58","Machine_Failure"
"2022-04-16","Makino-L3-Unit1-2015","Shopfloor-L3","81.61","4.50","6.57","15.40","46.70","26.40","1.38","20.14","18116","236.00","26.35","3.33","Machine_Failure"
"2022-04-07","Makino-L1-Unit1-2013","Shopfloor-L1","134.02","4.70","6.34","10.10","48.30","37.90","0.53","19.73","26526","407.00","16.45","2.70","Machine_Failure"
"2022-04-25","Makino-L2-Unit1-2015","Shopfloor-L2","87.08","4.59","6.87","14.60","45.70","40.20","0.72","27.27","26605","308.00","25.78","2.54","Machine_Failure"
"2022-03-27","Makino-L1-Unit1-2013","Shopfloor-L1","92.28","4.66","6.87","15.70","51.70","32.50","1.00","34.45","18836","334.00","25.35","3.55","Machine_Failure"
"2022-03-24","Makino-L1-Unit1-2013","Shopfloor-L1","141.14","4.11","6.58","8.10","41.30","35.50","1.00","43.89","16541","366.00","28.86","2.22","Machine_Failure"
"2022-03-14","Makino-L2-Unit1-2015","Shopfloor-L2","91.39","6.56","6.60","30.30","50.70","33.70","0.81","23.92","26605","351.00","15.12","3.55","Machine_Failure"
"2022-04-14","Makino-L1-Unit1-2013","Shopfloor-L1","159.44","5.27","6.65","22.90","45.90","43.20","0.86","20.89","21168","324.00","32.37","1.86","No_Machine_Failure"
"2022-03-22","Makino-L1-Unit1-2013","Shopfloor-L1","97.87","6.56","6.39","11.70","49.90","34.90","0.45","22.32","17010","301.00","28.07","3.59","Machine_Failure"
"2022-03-21","Makino-L2-Unit1-2015","Shopfloor-L2","85.63","4.21","6.86","20.20","46.50","36.10","0.58","27.95","27613","350.00","28.28","2.24","Machine_Failure"
"2022-03-14","Makino-L1-Unit1-2013","Shopfloor-L1","71.49","6.84","5.78","26.40","51.80","35.90","0.54","23.92","27957","354.00","15.90","3.59","Machine_Failure"
"2022-02-22","Makino-L1-Unit1-2013","Shopfloor-L1","83.36","6.89","6.13","11.40","45.50","38.50","0.72","19.55","19621","340.00","24.33","3.58","Machine_Failure"
"2022-01-29","Makino-L1-Unit1-2013","Shopfloor-L1","59.65","4.88","6.45","15.70","49.90","33.50","1.30","26.61","19679","399.00","24.26","3.58","Machine_Failure"
"2022-03-05","Makino-L1-Unit1-2013","Shopfloor-L1","94.74","4.38","7.08","11.30","48.40","37.20","0.93","22.83","17576","340.00","16.45","2.36","Machine_Failure"
"2022-03-27","Makino-L1-Unit1-2013","Shopfloor-L1","117.36","5.77","6.38","27.40","45.90","37.10","1.62","19.04","23118","237.00","35.58","3.06","No_Machine_Failure"
"2022-03-08","Makino-L1-Unit1-2013","Shopfloor-L1","63.76","5.57","6.10","21.00","45.40","36.80","0.80","23.21","27613","293.00","14.20","2.34","Machine_Failure"
"2022-04-12","Makino-L2-Unit1-2015","Shopfloor-L2","136.28","3.05","6.22","4.50","52.50","34.10","0.82","19.44","20875","326.00","22.87","2.88","No_Machine_Failure"
"2022-03-15","Makino-L2-Unit1-2015","Shopfloor-L2","83.70","3.93","6.43","30.30","43.80","30.50","0.09","16.01","15512","422.00","30.78","2.38","Machine_Failure"
"2022-02-22","Makino-L3-Unit1-2015","Shopfloor-L3","122.13","3.16","6.50","4.50","52.30","32.40","1.17","40.61","16198","384.00","33.92","1.95","No_Machine_Failure"
"2022-04-06","Makino-L1-Unit1-2013","Shopfloor-L1","53.21","5.94","6.87","4.50","48.50","34.90","0.60","18.01","20801","344.00","25.22","3.61","Machine_Failure"
"2022-03-01","Makino-L1-Unit1-2013","Shopfloor-L1","113.02","3.89","6.46","24.80","49.30","36.50","0.18","25.41","21981","360.00","31.52","1.88","No_Machine_Failure"
"2022-04-24","Makino-L1-Unit1-2013","Shopfloor-L1","130.44","5.12","7.32","12.20","49.50","40.30","0.71","10.14","20572","416.00","32.37","1.86","No_Machine_Failure"
"2022-04-30","Makino-L1-Unit1-2013","Shopfloor-L1","134.31","5.10","6.76","4.50","45.00","36.80","0.91","25.64","17726","387.00","23.30","2.88","No_Machine_Failure"
"2022-02-23","Makino-L1-Unit1-2013","Shopfloor-L1","110.87","5.40","6.45","24.00","47.50","40.80","1.02","18.41","21639","304.00","22.06","2.88","No_Machine_Failure"
"2022-05-12","Makino-L3-Unit1-2015","Shopfloor-L3","57.69","5.92","5.90","11.90","47.00","34.40","0.90","21.49","18448","309.00","25.88","2.52","Machine_Failure"
"2022-04-18","Makino-L2-Unit1-2015","Shopfloor-L2","134.56","4.80","6.63","22.50","43.90","42.90","0.64","24.01","16198","249.00","30.51","2.96","No_Machine_Failure"
"2022-03-19","Makino-L2-Unit1-2015","Shopfloor-L2","76.32","4.84","6.65","24.80","49.50","28.90","1.01","17.09","14692","391.00","32.49","2.10","Machine_Failure"
"2022-02-20","Makino-L2-Unit1-2015","Shopfloor-L2","114.43","5.80","6.92","6.80","52.00","34.10","1.48","15.41","23199","344.00","20.58","3.00","No_Machine_Failure"
"2021-12-24","Makino-L1-Unit1-2013","Shopfloor-L1","101.41","5.15","6.59","9.90","44.40","32.20","0.44","18.03","15217","359.00","23.04","1.95","No_Machine_Failure"
"2022-04-29","Makino-L2-Unit1-2015","Shopfloor-L2","134.15","3.11","7.01","7.40","46.80","26.90","0.46","26.48","18436","296.00","23.34","2.65","No_Machine_Failure"
"2022-05-07","Makino-L1-Unit1-2013","Shopfloor-L1","99.58","5.17","6.80","22.00","48.50","33.90","0.74","19.32","20802","415.00","22.95","2.90","No_Machine_Failure"
"2022-02-28","Makino-L3-Unit1-2015","Shopfloor-L3","157.47","4.84","6.21","16.60","49.50","46.30","0.87","26.21","21951","316.00","24.06","2.93","Machine_Failure"
"2022-03-17","Makino-L2-Unit1-2015","Shopfloor-L2","53.83","3.76","6.21","16.90","51.00","38.20","0.91","18.41","20801","377.00","15.12","3.67","Machine_Failure"
"2022-02-27","Makino-L2-Unit1-2015","Shopfloor-L2","112.16","5.52","7.08","25.10","46.80","39.20","0.37","30.39","13272","460.00","33.92","1.99","No_Machine_Failure"
"2022-04-28","Makino-L1-Unit1-2013","Shopfloor-L1","61.89","4.61","6.34","5.90","44.00","35.90","1.26","17.37","26526","349.00","25.65","2.52","Machine_Failure"
"2022-02-01","Makino-L3-Unit1-2015","Shopfloor-L3","86.70","5.57","6.40","19.70","46.60","38.60","1.31","22.20","23432","372.00","14.20","3.67","Machine_Failure"
"2022-02-13","Makino-L1-Unit1-2013","Shopfloor-L1","158.35","5.73","5.78","11.90","47.80","29.50","1.32","34.88","22929","444.00","32.49","3.07","No_Machine_Failure"
"2022-02-13","Makino-L3-Unit1-2015","Shopfloor-L3","99.37","6.86","6.61","29.80","42.20","37.00","0.42","42.45","19747","393.00","24.18","2.66","Machine_Failure"
"2022-03-30","Makino-L2-Unit1-2015","Shopfloor-L2","111.70","4.99","6.03","20.10","43.00","36.90","1.01","24.90","20048","304.00","23.81","2.17","No_Machine_Failure"
"2022-03-23","Makino-L1-Unit1-2013","Shopfloor-L1","83.10","5.36","6.52","28.70","40.20","37.00","0.80","41.25","17919","387.00","28.98","3.55","Machine_Failure"
"2022-03-24","Makino-L3-Unit1-2015","Shopfloor-L3","141.92","5.62","6.68","7.40","44.00","40.00","1.21","15.52","22511","303.00","32.37","3.00","No_Machine_Failure"
"2022-03-22","Makino-L2-Unit1-2015","Shopfloor-L2","135.03","6.23","6.05","9.90","49.70","37.80","1.57","16.97","24510","367.00","35.58","3.37","No_Machine_Failure"
"2022-02-22","Makino-L3-Unit1-2015","Shopfloor-L3","134.54","5.92","6.65","11.00","41.80","31.50","1.22","33.28","23432","339.00","15.12","2.67","Machine_Failure"
"2022-02-10","Makino-L1-Unit1-2013","Shopfloor-L1","74.51","4.91","6.38","27.00","47.30","38.80","0.37","29.78","17919","282.00","15.12","3.59","Machine_Failure"
"2022-04-11","Makino-L1-Unit1-2013","Shopfloor-L1","68.71","5.57","6.56","9.70","40.60","29.90","0.85","17.56","18372","349.00","25.99","2.39","Machine_Failure"
"2022-03-05","Makino-L3-Unit1-2015","Shopfloor-L3","87.10","4.33","6.26","26.80","46.40","32.90","1.01","32.10","17381","383.00","27.47","2.38","Machine_Failure"
"2022-02-03","Makino-L2-Unit1-2015","Shopfloor-L2","133.74","5.00","6.75","12.20","55.20","37.60","1.00","27.68","20099","367.00","23.75","2.68","No_Machine_Failure"
"2022-03-20","Makino-L2-Unit1-2015","Shopfloor-L2","129.42","4.95","7.41","12.20","40.90","31.00","1.06","24.66","25642","342.00","34.97","3.51","No_Machine_Failure"
"2022-02-18","Makino-L2-Unit1-2015","Shopfloor-L2","72.47","4.95","6.73","18.56","51.30","38.00","1.11","28.54","20275","393.00","30.51","1.86","No_Machine_Failure"
"2022-04-16","Makino-L1-Unit1-2013","Shopfloor-L1","89.46","3.79","7.37","23.00","42.90","30.20","0.67","22.02","21231","369.00","25.23","1.87","No_Machine_Failure"
"2022-04-12","Makino-L3-Unit1-2015","Shopfloor-L3","176.22","5.18","6.17","22.00","45.10","37.30","0.23","28.65","13272","357.00","22.89","3.00","No_Machine_Failure"
"2022-04-13","Makino-L1-Unit1-2013","Shopfloor-L1","89.46","5.20","6.79","7.40","45.80","26.60","0.76","31.85","20923","381.00","35.58","3.00","No_Machine_Failure"
"2022-03-07","Makino-L3-Unit1-2015","Shopfloor-L3","86.26","4.27","6.19","5.00","43.80","30.60","1.57","30.86","17106","266.00","15.90","2.39","Machine_Failure"
"2022-03-29","Makino-L3-Unit1-2015","Shopfloor-L3","130.77","3.90","6.21","26.70","46.80","31.50","1.33","27.79","22858","262.00","31.62","1.95","No_Machine_Failure"
"2022-03-28","Makino-L3-Unit1-2015","Shopfloor-L3","115.46","5.75","6.09","11.90","49.30","40.20","1.27","25.18","23007","360.00","34.97","3.20","No_Machine_Failure"
"2022-03-07","Makino-L1-Unit1-2013","Shopfloor-L1","90.46","5.31","6.67","4.50","48.70","30.10","1.01","24.87","14266","411.00","22.37","3.05","No_Machine_Failure"
"2022-03-11","Makino-L3-Unit1-2015","Shopfloor-L3","51.81","4.47","6.90","11.30","49.40","37.50","1.01","29.74","23432","330.00","26.51","2.34","Machine_Failure"
"2022-03-13","Makino-L1-Unit1-2013","Shopfloor-L1","88.28","5.35","6.16","6.80","48.30","33.30","0.86","26.94","21497","288.00","34.97","2.01","No_Machine_Failure"
"2022-01-20","Makino-L1-Unit1-2013","Shopfloor-L1","73.31","4.80","6.35","28.70","48.60","30.90","0.54","16.70","27957","343.00","24.68","2.85","Machine_Failure"
"2022-04-23","Makino-L3-Unit1-2015","Shopfloor-L3","157.78","3.13","6.80","21.50","40.70","38.70","0.99","34.88","20611","321.00","33.92","2.95","No_Machine_Failure"
"2022-03-28","Makino-L3-Unit1-2015","Shopfloor-L3","79.83","4.67","6.85","13.40","50.70","37.60","1.47","16.66","18902","314.00","15.90","3.36","Machine_Failure"
"2022-02-22","Makino-L1-Unit1-2013","Shopfloor-L1","129.74","3.05","5.67","23.90","50.70","34.00","0.64","26.72","21576","221.00","33.36","3.03","No_Machine_Failure"
"2022-03-07","Makino-L3-Unit1-2015","Shopfloor-L3","108.40","5.55","6.44","25.60","48.70","32.80","0.76","31.95","22252","398.00","35.58","1.89","No_Machine_Failure"
"2022-04-02","Makino-L3-Unit1-2015","Shopfloor-L3","85.66","5.57","7.02","30.30","53.40","35.10","0.40","24.48","19047","293.00","25.06","2.78","Machine_Failure"
"2022-04-20","Makino-L1-Unit1-2013","Shopfloor-L1","123.14","5.24","6.65","22.60","51.50","34.80","1.21","31.55","18436","304.00","35.58","2.01","No_Machine_Failure"
"2022-03-30","Makino-L1-Unit1-2013","Shopfloor-L1","75.27","4.63","6.91","26.40","53.90","36.60","1.03","30.30","18703","361.00","16.45","2.68","Machine_Failure"
"2022-02-27","Makino-L3-Unit1-2015","Shopfloor-L3","135.65","5.52","5.67","4.50","45.30","34.50","1.13","15.90","17726","309.00","21.57","2.89","No_Machine_Failure"
"2022-03-13","Makino-L2-Unit1-2015","Shopfloor-L2","97.98","3.13","6.58","24.10","54.50","34.20","0.97","28.01","21655","339.00","22.05","3.01","No_Machine_Failure"
"2022-03-13","Makino-L2-Unit1-2015","Shopfloor-L2","90.74","6.56","6.48","18.40","40.00","38.10","1.22","16.50","20504","309.00","27.08","3.55","Machine_Failure"
"2022-02-24","Makino-L2-Unit1-2015","Shopfloor-L2","114.46","3.05","5.60","5.70","41.70","32.60","1.04","22.29","21294","477.00","34.97","3.06","No_Machine_Failure"
"2022-02-09","Makino-L3-Unit1-2015","Shopfloor-L3","101.86","4.99","6.42","7.40","42.90","29.90","1.10","24.79","17726","334.00","23.82","2.60","No_Machine_Failure"
"2022-01-16","Makino-L2-Unit1-2015","Shopfloor-L2","88.58","5.92","5.85","5.00","45.80","37.70","0.85","23.22","27613","344.00","14.20","2.67","Machine_Failure"
"2022-02-21","Makino-L2-Unit1-2015","Shopfloor-L2","102.65","3.17","6.48","7.40","42.50","36.40","0.97","15.68","18436","356.00","33.36","3.04","No_Machine_Failure"
"2022-03-25","Makino-L2-Unit1-2015","Shopfloor-L2","123.02","5.60","6.43","12.20","38.80","33.10","1.59","26.39","15217","304.00","31.62","1.99","No_Machine_Failure"
"2022-04-13","Makino-L1-Unit1-2013","Shopfloor-L1","69.03","4.52","6.40","6.40","52.20","37.20","1.58","30.04","26605","398.00","26.25","2.41","Machine_Failure"
"2022-02-25","Makino-L3-Unit1-2015","Shopfloor-L3","101.90","5.34","6.84","9.90","50.90","38.60","0.66","39.60","13272","369.00","22.26","2.91","No_Machine_Failure"
"2022-04-09","Makino-L3-Unit1-2015","Shopfloor-L3","118.20","5.23","6.43","10.60","41.50","36.90","0.69","22.83","18436","364.00","22.71","2.88","No_Machine_Failure"
"2022-03-11","Makino-L3-Unit1-2015","Shopfloor-L3","106.77","5.30","6.19","23.20","44.90","38.10","1.38","30.89","13272","317.00","22.40","1.99","No_Machine_Failure"
"2022-02-26","Makino-L1-Unit1-2013","Shopfloor-L1","106.55","3.11","5.91","23.40","46.40","40.90","0.68","33.06","21412","425.00","22.30","1.86","No_Machine_Failure"
"2022-03-17","Makino-L1-Unit1-2013","Shopfloor-L1","76.53","3.74","6.99","16.20","54.00","39.40","0.84","34.68","23432","268.00","16.96","3.69","Machine_Failure"
"2022-03-12","Makino-L2-Unit1-2015","Shopfloor-L2","117.72","5.31","5.83","23.30","49.30","32.40","1.04","28.41","21361","319.00","22.35","2.01","No_Machine_Failure"
"2022-03-11","Makino-L1-Unit1-2013","Shopfloor-L1","59.25","5.94","7.03","7.30","43.80","30.00","1.41","26.51","21951","278.00","26.62","2.44","Machine_Failure"
"2022-02-18","Makino-L3-Unit1-2015","Shopfloor-L3","54.66","6.56","6.17","8.60","47.80","33.40","0.70","15.05","26526","387.00","24.40","3.55","Machine_Failure"
"2022-05-03","Makino-L3-Unit1-2015","Shopfloor-L3","69.06","4.57","7.37","24.40","48.30","38.40","0.71","27.87","23432","319.00","16.96","2.49","Machine_Failure"
"2022-04-11","Makino-L1-Unit1-2013","Shopfloor-L1","92.40","3.16","6.29","5.70","45.60","38.30","0.80","28.50","20867","405.00","34.97","2.02","No_Machine_Failure"
"2022-03-08","Makino-L1-Unit1-2013","Shopfloor-L1","103.60","5.51","6.33","25.00","50.20","31.30","0.86","34.79","22072","316.00","31.62","1.99","No_Machine_Failure"
"2022-04-02","Makino-L1-Unit1-2013","Shopfloor-L1","90.76","4.68","6.40","25.90","44.70","34.70","1.28","23.70","18909","334.00","25.25","3.67","Machine_Failure"
"2022-01-17","Makino-L2-Unit1-2015","Shopfloor-L2","143.44","5.08","7.71","21.10","49.40","26.50","1.12","26.68","20438","372.00","30.51","1.91","No_Machine_Failure"
"2022-04-19","Makino-L3-Unit1-2015","Shopfloor-L3","86.79","4.50","6.24","26.40","46.50","31.20","1.06","29.65","18131","380.00","26.33","2.50","Machine_Failure"
"2022-03-02","Makino-L1-Unit1-2013","Shopfloor-L1","124.07","3.89","7.43","24.60","50.00","34.90","1.20","17.51","16198","345.00","35.58","2.01","No_Machine_Failure"
"2022-03-17","Makino-L3-Unit1-2015","Shopfloor-L3","60.73","3.92","6.61","28.70","49.10","32.80","1.49","30.94","15438","390.00","30.92","3.55","Machine_Failure"
"2022-02-20","Makino-L3-Unit1-2015","Shopfloor-L3","81.54","5.86","6.10","7.40","50.00","34.60","0.96","34.72","23430","401.00","33.36","3.07","No_Machine_Failure"
"2022-04-27","Makino-L3-Unit1-2015","Shopfloor-L3","92.13","4.61","6.74","26.40","41.80","38.60","1.67","30.97","26526","404.00","25.64","3.69","Machine_Failure"
"2022-03-19","Makino-L3-Unit1-2015","Shopfloor-L3","85.08","3.85","6.73","21.60","40.70","31.10","0.73","19.60","24550","310.00","31.32","2.09","Machine_Failure"
"2022-04-07","Makino-L1-Unit1-2013","Shopfloor-L1","142.36","4.70","6.67","9.40","46.90","39.40","1.07","38.38","26526","428.00","16.45","2.56","Machine_Failure"
"2022-01-28","Makino-L3-Unit1-2015","Shopfloor-L3","170.82","5.21","5.96","22.30","41.70","32.60","1.07","29.79","16198","422.00","35.58","2.88","No_Machine_Failure"
"2022-03-10","Makino-L1-Unit1-2013","Shopfloor-L1","69.34","4.84","6.28","26.40","45.30","35.70","0.90","30.77","17854","339.00","26.74","3.67","Machine_Failure"
"2022-04-06","Makino-L2-Unit1-2015","Shopfloor-L2","88.28","4.98","6.03","4.50","48.30","35.00","0.92","30.83","20030","303.00","32.72","1.99","No_Machine_Failure"
"2022-03-07","Makino-L3-Unit1-2015","Shopfloor-L3","98.73","6.84","7.28","15.30","44.60","33.40","1.20","17.38","17103","282.00","27.91","3.55","Machine_Failure"
"2022-03-02","Makino-L2-Unit1-2015","Shopfloor-L2","132.13","5.47","6.40","10.60","53.60","38.50","0.91","26.55","14152","351.00","21.81","3.01","No_Machine_Failure"
"2022-03-13","Makino-L2-Unit1-2015","Shopfloor-L2","52.50","6.86","6.50","16.90","50.90","34.60","1.27","17.49","17702","384.00","26.97","2.37","Machine_Failure"
"2022-05-12","Makino-L1-Unit1-2013","Shopfloor-L1","82.97","5.13","6.65","21.70","49.90","40.50","1.25","25.07","17726","341.00","23.11","2.11","No_Machine_Failure"
"2022-03-13","Makino-L2-Unit1-2015","Shopfloor-L2","179.89","5.35","6.74","23.70","52.90","32.30","0.14","21.28","15217","466.00","22.20","2.87","No_Machine_Failure"
"2022-02-24","Makino-L3-Unit1-2015","Shopfloor-L3","94.93","4.84","6.54","26.40","48.50","42.50","1.05","25.29","25528","328.00","24.88","3.93","Machine_Failure"
"2022-01-09","Makino-L2-Unit1-2015","Shopfloor-L2","92.86","5.16","6.24","11.90","43.70","39.40","0.98","34.65","14152","369.00","23.02","2.70","No_Machine_Failure"
"2022-04-08","Makino-L1-Unit1-2013","Shopfloor-L1","71.04","6.86","6.11","15.00","49.70","41.10","0.91","19.51","20504","389.00","14.20","2.56","Machine_Failure"
"2022-03-29","Makino-L2-Unit1-2015","Shopfloor-L2","125.22","3.90","6.02","26.70","48.60","31.90","0.92","22.07","22833","350.00","34.97","2.97","No_Machine_Failure"
"2022-03-25","Makino-L1-Unit1-2013","Shopfloor-L1","149.24","5.58","6.78","11.90","48.60","33.20","1.01","23.51","15217","337.00","34.97","2.11","No_Machine_Failure"
"2022-03-15","Makino-L1-Unit1-2013","Shopfloor-L1","108.29","3.05","6.13","23.90","49.90","32.00","1.48","20.25","13272","331.00","22.12","2.78","No_Machine_Failure"
"2022-02-10","Makino-L2-Unit1-2015","Shopfloor-L2","55.51","6.56","6.17","17.60","47.80","33.80","1.11","20.28","20801","343.00","14.11","3.61","Machine_Failure"
"2022-05-24","Makino-L1-Unit1-2013","Shopfloor-L1","110.72","5.15","6.78","21.70","49.10","30.70","0.75","29.74","20698","350.00","23.07","1.91","No_Machine_Failure"
"2022-04-19","Makino-L1-Unit1-2013","Shopfloor-L1","54.30","4.50","6.04","24.40","43.90","36.30","0.95","22.83","18137","307.00","26.32","2.50","Machine_Failure"
"2022-03-13","Makino-L3-Unit1-2015","Shopfloor-L3","137.82","3.05","6.62","24.00","45.20","35.60","0.46","20.63","21629","307.00","32.49","3.08","No_Machine_Failure"
"2022-01-26","Makino-L1-Unit1-2013","Shopfloor-L1","57.95","5.27","6.11","22.90","44.70","39.60","0.35","20.26","18436","358.00","32.52","3.01","No_Machine_Failure"
"2022-03-13","Makino-L1-Unit1-2013","Shopfloor-L1","63.44","4.42","6.81","24.80","50.20","36.50","1.04","23.05","17807","389.00","26.81","3.67","Machine_Failure"
"2022-04-02","Makino-L3-Unit1-2015","Shopfloor-L3","99.44","5.04","5.72","20.60","52.50","36.90","0.94","35.60","20245","356.00","33.92","2.76","No_Machine_Failure"
"2022-03-20","Makino-L1-Unit1-2013","Shopfloor-L1","88.06","4.22","6.90","12.30","52.10","31.20","0.82","24.01","27957","246.00","28.24","3.91","Machine_Failure"
"2022-01-26","Makino-L3-Unit1-2015","Shopfloor-L3","95.54","4.76","6.59","18.30","53.10","36.20","1.30","32.33","19234","343.00","24.82","3.91","Machine_Failure"
"2022-04-09","Makino-L3-Unit1-2015","Shopfloor-L3","82.42","5.36","6.49","6.70","48.10","38.40","1.12","33.61","20504","407.00","26.15","3.55","Machine_Failure"
"2022-02-08","Makino-L1-Unit1-2013","Shopfloor-L1","92.86","3.05","6.16","5.70","42.70","31.20","0.99","23.63","18436","426.00","31.62","1.86","No_Machine_Failure"
"2022-03-24","Makino-L3-Unit1-2015","Shopfloor-L3","127.98","5.59","6.80","11.90","39.80","34.50","1.67","28.13","22364","367.00","35.58","1.85","No_Machine_Failure"
"2022-03-06","Makino-L3-Unit1-2015","Shopfloor-L3","59.80","4.30","6.63","12.40","54.90","31.80","0.49","24.60","23432","352.00","16.45","2.56","Machine_Failure"
"2022-02-28","Makino-L1-Unit1-2013","Shopfloor-L1","124.94","5.54","5.85","8.70","50.10","34.20","1.35","20.32","22214","405.00","32.37","3.09","No_Machine_Failure"
"2022-04-14","Makino-L1-Unit1-2013","Shopfloor-L1","143.48","5.27","6.57","22.80","47.90","37.10","1.78","27.28","21166","367.00","33.92","1.95","No_Machine_Failure"
"2022-02-21","Makino-L3-Unit1-2015","Shopfloor-L3","80.73","3.18","6.30","11.90","47.62","43.30","0.42","28.21","14152","388.00","20.07","3.15","No_Machine_Failure"
"2022-04-05","Makino-L1-Unit1-2013","Shopfloor-L1","87.77","4.68","6.71","28.70","47.90","31.60","0.99","22.37","26605","294.00","25.21","3.61","Machine_Failure"
"2022-03-22","Makino-L3-Unit1-2015","Shopfloor-L3","117.64","5.64","6.66","26.20","47.40","33.10","1.37","30.42","17726","364.00","21.14","2.02","No_Machine_Failure"
"2022-03-12","Makino-L2-Unit1-2015","Shopfloor-L2","92.86","5.30","6.24","4.50","46.00","37.10","0.79","30.28","16198","407.00","22.39","1.85","No_Machine_Failure"
"2022-03-25","Makino-L1-Unit1-2013","Shopfloor-L1","149.18","5.58","6.47","12.20","50.40","33.20","1.29","22.88","16198","230.00","35.58","1.85","No_Machine_Failure"
"2022-04-07","Makino-L1-Unit1-2013","Shopfloor-L1","108.55","5.00","7.03","20.20","50.90","32.90","1.84","22.79","20067","427.00","32.72","2.01","No_Machine_Failure"
"2022-03-09","Makino-L1-Unit1-2013","Shopfloor-L1","80.76","4.31","6.80","26.40","52.10","35.60","0.60","17.79","17252","303.00","27.67","3.59","Machine_Failure"
"2022-05-15","Makino-L2-Unit1-2015","Shopfloor-L2","113.60","5.13","6.62","21.60","43.30","40.50","1.12","33.11","20622","327.00","34.97","3.00","No_Machine_Failure"
"2022-02-18","Makino-L1-Unit1-2013","Shopfloor-L1","68.55","4.82","6.26","24.40","45.00","37.00","0.95","22.83","20504","286.00","24.55","3.55","Machine_Failure"
"2022-03-21","Makino-L1-Unit1-2013","Shopfloor-L1","71.99","4.19","6.22","6.80","44.20","40.00","0.72","24.46","26526","399.00","28.37","2.35","Machine_Failure"
"2022-03-28","Makino-L2-Unit1-2015","Shopfloor-L2","73.41","4.67","6.63","26.70","43.70","31.80","0.51","31.19","18902","278.00","25.26","2.74","Machine_Failure"
"2022-02-11","Makino-L2-Unit1-2015","Shopfloor-L2","134.42","5.67","6.17","6.80","47.80","31.80","1.53","26.06","22686","329.00","34.97","3.11","No_Machine_Failure"
"2022-04-05","Makino-L1-Unit1-2013","Shopfloor-L1","81.14","3.16","6.72","7.40","49.00","32.60","1.27","25.91","20286","359.00","23.53","1.99","No_Machine_Failure"
"2022-04-01","Makino-L2-Unit1-2015","Shopfloor-L2","98.85","6.96","6.80","26.40","46.00","40.00","1.50","20.95","27957","331.00","14.20","3.93","Machine_Failure"
"2022-03-13","Makino-L3-Unit1-2015","Shopfloor-L3","76.27","4.38","6.29","32.60","55.40","32.50","0.77","17.09","22335","280.00","14.20","2.66","Machine_Failure"
"2022-02-16","Makino-L1-Unit1-2013","Shopfloor-L1","115.47","3.11","6.15","9.90","51.60","43.90","0.87","24.37","15217","312.00","21.20","3.17","No_Machine_Failure"
"2022-03-05","Makino-L2-Unit1-2015","Shopfloor-L2","97.10","3.13","7.10","10.60","47.30","40.80","0.93","17.43","14152","376.00","30.51","2.88","No_Machine_Failure"
"2022-03-20","Makino-L2-Unit1-2015","Shopfloor-L2","53.26","3.80","6.66","11.90","47.90","38.60","1.39","27.97","23432","312.00","31.80","2.27","Machine_Failure"
"2022-02-19","Makino-L3-Unit1-2015","Shopfloor-L3","59.97","6.89","6.47","19.10","47.60","34.90","0.83","26.39","19522","387.00","24.45","2.66","Machine_Failure"
"2022-02-15","Makino-L1-Unit1-2013","Shopfloor-L1","158.49","3.13","5.79","25.80","45.40","33.70","0.65","26.42","22356","275.00","21.35","3.22","No_Machine_Failure"
"2022-03-03","Makino-L1-Unit1-2013","Shopfloor-L1","142.04","5.50","6.44","24.90","50.90","37.00","1.47","35.08","22017","327.00","34.97","3.12","No_Machine_Failure"
"2022-03-02","Makino-L3-Unit1-2015","Shopfloor-L3","134.02","6.96","5.63","22.00","46.90","43.70","0.64","22.33","27957","393.00","15.12","2.37","Machine_Failure"
"2022-04-04","Makino-L3-Unit1-2015","Shopfloor-L3","71.06","6.56","6.51","20.10","50.70","36.80","0.62","24.09","19120","273.00","24.97","3.58","Machine_Failure"
"2022-02-20","Makino-L2-Unit1-2015","Shopfloor-L2","150.51","3.11","6.87","9.90","44.80","37.50","0.70","17.61","14152","310.00","35.58","1.99","No_Machine_Failure"
"2022-02-22","Makino-L2-Unit1-2015","Shopfloor-L2","125.92","3.89","6.35","8.70","42.90","36.80","1.14","21.26","15217","323.00","22.01","2.86","No_Machine_Failure"
"2022-03-19","Makino-L3-Unit1-2015","Shopfloor-L3","114.85","6.27","6.96","8.70","47.40","32.00","0.82","31.42","24689","444.00","32.52","1.99","No_Machine_Failure"
"2022-04-22","Makino-L2-Unit1-2015","Shopfloor-L2","132.41","3.90","7.02","21.30","46.40","37.20","0.53","32.61","20546","409.00","23.24","2.74","No_Machine_Failure"
"2022-01-29","Makino-L1-Unit1-2013","Shopfloor-L1","94.30","4.88","6.22","24.10","47.40","42.20","0.84","28.13","19667","314.00","24.27","2.63","Machine_Failure"
"2022-05-18","Makino-L2-Unit1-2015","Shopfloor-L2","91.23","4.57","6.33","27.00","47.90","27.10","1.13","27.86","18482","323.00","17.90","3.58","Machine_Failure"
"2022-02-22","Makino-L3-Unit1-2015","Shopfloor-L3","57.26","4.84","5.42","4.70","45.60","36.80","1.25","16.75","19596","301.00","24.36","3.55","Machine_Failure"
"2022-02-15","Makino-L3-Unit1-2015","Shopfloor-L3","136.99","5.67","6.59","26.40","50.90","35.80","0.87","22.36","13272","385.00","33.92","2.02","No_Machine_Failure"
"2022-01-09","Makino-L3-Unit1-2015","Shopfloor-L3","64.10","4.94","6.74","30.30","47.62","37.20","1.56","18.98","27613","315.00","16.96","2.94","Machine_Failure"
"2022-02-10","Makino-L1-Unit1-2013","Shopfloor-L1","125.95","5.57","6.28","32.60","51.30","41.00","0.22","21.52","19933","313.00","15.12","3.55","Machine_Failure"
"2022-02-11","Makino-L2-Unit1-2015","Shopfloor-L2","168.68","5.70","6.64","26.70","56.30","34.20","1.13","32.20","22855","361.00","20.89","3.22","No_Machine_Failure"
"2022-03-17","Makino-L2-Unit1-2015","Shopfloor-L2","82.97","5.96","6.44","7.40","45.70","31.30","0.72","33.73","17726","314.00","20.13","3.04","No_Machine_Failure"
"2022-01-31","Makino-L1-Unit1-2013","Shopfloor-L1","72.38","5.57","6.66","9.90","56.50","40.00","1.04","36.23","27613","353.00","24.46","3.33","Machine_Failure"
"2022-03-09","Makino-L2-Unit1-2015","Shopfloor-L2","76.50","4.38","6.40","26.40","49.80","44.30","0.93","26.51","20504","371.00","14.11","2.44","Machine_Failure"
"2022-05-14","Makino-L3-Unit1-2015","Shopfloor-L3","63.86","4.58","5.93","18.40","47.40","37.50","0.22","26.96","21951","416.00","17.90","2.55","Machine_Failure"
"2022-02-22","Makino-L1-Unit1-2013","Shopfloor-L1","156.97","3.16","6.38","5.70","46.10","40.40","1.14","22.77","13272","292.00","22.00","2.88","No_Machine_Failure"
"2022-01-29","Makino-L1-Unit1-2013","Shopfloor-L1","82.23","4.88","6.03","6.60","48.90","34.20","0.81","13.85","19671","289.00","24.27","3.93","Machine_Failure"
"2022-03-15","Makino-L3-Unit1-2015","Shopfloor-L3","71.76","4.86","6.59","8.60","51.10","37.90","1.18","30.43","15813","407.00","30.19","3.58","Machine_Failure"
"2022-01-10","Makino-L1-Unit1-2013","Shopfloor-L1","135.93","6.89","6.21","9.80","49.30","36.80","1.34","17.13","19725","313.00","14.20","2.80","Machine_Failure"
"2022-03-25","Makino-L1-Unit1-2013","Shopfloor-L1","99.11","5.60","6.37","8.70","54.00","35.40","1.57","22.55","13272","320.00","32.37","3.00","No_Machine_Failure"
"2022-03-03","Makino-L1-Unit1-2013","Shopfloor-L1","139.34","4.34","6.04","9.90","37.80","41.80","1.26","31.33","20504","392.00","16.96","2.26","Machine_Failure"
"2022-04-25","Makino-L2-Unit1-2015","Shopfloor-L2","150.55","5.11","6.11","21.40","44.30","40.10","1.45","21.52","20570","336.00","32.52","2.75","No_Machine_Failure"
"2022-01-30","Makino-L2-Unit1-2015","Shopfloor-L2","123.70","3.05","6.17","10.60","38.80","33.40","0.54","31.80","14152","313.00","22.91","1.99","No_Machine_Failure"
"2022-05-06","Makino-L3-Unit1-2015","Shopfloor-L3","72.47","3.18","6.81","6.80","52.60","38.60","0.72","16.34","18436","364.00","22.98","2.70","No_Machine_Failure"
"2022-02-14","Makino-L3-Unit1-2015","Shopfloor-L3","121.86","4.95","5.57","25.60","48.70","40.60","1.14","34.77","19903","435.00","16.96","3.61","Machine_Failure"
"2022-04-04","Makino-L1-Unit1-2013","Shopfloor-L1","126.76","3.16","7.10","20.90","46.10","38.10","1.08","32.60","14266","380.00","32.52","2.69","No_Machine_Failure"
"2022-04-11","Makino-L1-Unit1-2013","Shopfloor-L1","116.71","5.21","6.77","12.20","52.60","38.10","0.50","20.98","20929","305.00","22.81","2.95","No_Machine_Failure"
"2022-01-12","Makino-L1-Unit1-2013","Shopfloor-L1","88.34","4.86","6.86","10.40","49.70","32.30","1.53","23.98","19727","317.00","24.20","2.67","Machine_Failure"
"2022-02-23","Makino-L1-Unit1-2013","Shopfloor-L1","130.61","3.11","6.93","23.70","51.60","38.00","1.11","20.34","21502","346.00","22.20","1.91","No_Machine_Failure"
"2022-03-19","Makino-L3-Unit1-2015","Shopfloor-L3","121.43","3.13","6.87","32.90","48.90","38.20","0.66","29.81","15217","340.00","34.97","1.99","No_Machine_Failure"
"2022-03-20","Makino-L2-Unit1-2015","Shopfloor-L2","95.33","3.79","6.15","7.40","43.70","30.20","1.50","32.60","27613","343.00","31.94","2.19","Machine_Failure"
"2022-03-06","Makino-L2-Unit1-2015","Shopfloor-L2","82.97","3.89","6.89","7.40","44.50","34.60","1.26","25.29","22226","292.00","21.48","2.98","No_Machine_Failure"
"2022-03-30","Makino-L2-Unit1-2015","Shopfloor-L2","148.93","3.05","5.74","20.30","46.70","32.40","1.51","19.63","20143","419.00","23.70","2.95","No_Machine_Failure"
"2022-02-28","Makino-L1-Unit1-2013","Shopfloor-L1","85.10","4.90","6.18","19.10","42.90","31.40","1.06","32.68","20504","337.00","24.20","3.93","Machine_Failure"
"2022-03-31","Makino-L3-Unit1-2015","Shopfloor-L3","170.09","4.98","5.40","7.40","49.70","34.50","0.90","28.35","20018","343.00","23.85","2.71","No_Machine_Failure"
"2022-03-30","Makino-L2-Unit1-2015","Shopfloor-L2","141.52","5.20","6.90","22.20","49.20","33.40","1.31","31.53","20908","369.00","22.83","1.86","No_Machine_Failure"
"2022-03-23","Makino-L3-Unit1-2015","Shopfloor-L3","69.04","6.84","6.72","29.80","45.40","37.00","1.05","22.75","16952","336.00","28.16","2.40","Machine_Failure"
"2022-05-14","Makino-L1-Unit1-2013","Shopfloor-L1","90.61","4.58","7.33","10.80","50.60","37.40","0.81","23.12","26605","389.00","15.12","2.43","Machine_Failure"
"2022-04-01","Makino-L3-Unit1-2015","Shopfloor-L3","107.50","3.89","6.19","18.56","44.20","35.70","1.22","36.74","20373","349.00","25.23","2.71","No_Machine_Failure"
"2022-03-18","Makino-L2-Unit1-2015","Shopfloor-L2","69.85","3.64","6.36","18.20","49.70","34.70","1.15","24.40","13168","289.00","36.25","2.02","Machine_Failure"
"2022-02-28","Makino-L1-Unit1-2013","Shopfloor-L1","141.37","5.57","6.85","25.70","45.50","26.20","1.29","16.02","13272","296.00","34.97","3.08","No_Machine_Failure"
"2022-02-21","Makino-L3-Unit1-2015","Shopfloor-L3","60.63","4.87","6.70","28.70","47.60","40.10","0.85","25.90","19648","347.00","24.30","3.69","Machine_Failure"
"2022-03-03","Makino-L1-Unit1-2013","Shopfloor-L1","63.76","4.36","6.45","24.00","45.00","32.90","1.12","24.02","27957","246.00","15.90","2.50","Machine_Failure"
"2022-02-23","Makino-L1-Unit1-2013","Shopfloor-L1","145.56","3.16","5.89","24.00","46.30","33.20","1.05","29.07","21617","326.00","22.08","2.78","No_Machine_Failure"
"2022-03-26","Makino-L2-Unit1-2015","Shopfloor-L2","70.75","5.74","5.96","9.90","47.20","24.90","0.43","28.71","13272","321.00","32.37","3.33","No_Machine_Failure"
"2022-03-14","Makino-L3-Unit1-2015","Shopfloor-L3","89.86","3.98","6.90","11.10","51.10","38.40","1.18","15.41","15875","320.00","17.90","2.15","Machine_Failure"
"2022-02-25","Makino-L3-Unit1-2015","Shopfloor-L3","100.16","5.35","6.73","12.20","53.30","39.50","0.98","23.91","15217","293.00","22.22","3.03","No_Machine_Failure"
"2022-04-09","Makino-L1-Unit1-2013","Shopfloor-L1","134.02","6.89","6.38","15.30","53.00","32.70","1.53","15.11","17919","391.00","26.16","3.93","Machine_Failure"
"2022-04-20","Makino-L3-Unit1-2015","Shopfloor-L3","56.11","4.50","6.76","15.10","45.60","37.60","0.94","24.61","18122","384.00","16.96","2.58","Machine_Failure"
"2022-03-12","Makino-L3-Unit1-2015","Shopfloor-L3","65.97","4.40","6.06","10.30","53.50","40.80","1.24","29.76","20504","328.00","27.02","3.67","Machine_Failure"
"2021-12-29","Makino-L3-Unit1-2015","Shopfloor-L3","139.43","3.11","5.93","8.70","52.50","36.10","1.05","29.01","19197","359.00","23.36","2.72","No_Machine_Failure"
"2022-02-11","Makino-L3-Unit1-2015","Shopfloor-L3","138.94","5.72","6.35","26.80","48.40","33.90","1.89","22.34","16198","337.00","20.87","1.88","No_Machine_Failure"
"2022-03-15","Makino-L3-Unit1-2015","Shopfloor-L3","77.49","3.96","6.34","28.70","54.20","36.20","1.16","19.77","15755","396.00","30.30","2.25","Machine_Failure"
"2022-01-17","Makino-L1-Unit1-2013","Shopfloor-L1","99.85","4.95","6.66","12.80","47.70","34.80","1.83","28.71","19910","268.00","23.98","3.69","Machine_Failure"
"2022-03-30","Makino-L1-Unit1-2013","Shopfloor-L1","131.27","4.98","6.34","20.10","47.90","27.70","1.09","31.44","20033","347.00","28.38","2.01","No_Machine_Failure"
"2022-02-20","Makino-L3-Unit1-2015","Shopfloor-L3","123.13","5.82","6.99","5.70","48.30","31.60","1.42","16.83","23275","352.00","55.55","3.29","No_Machine_Failure"
"2022-03-07","Makino-L1-Unit1-2013","Shopfloor-L1","91.59","4.84","7.24","26.80","44.00","33.90","1.11","11.94","23432","371.00","27.89","3.91","Machine_Failure"
"2022-02-16","Makino-L2-Unit1-2015","Shopfloor-L2","101.41","5.65","6.78","26.30","48.50","33.00","1.78","21.46","22597","251.00","31.62","1.89","No_Machine_Failure"
"2022-03-04","Makino-L2-Unit1-2015","Shopfloor-L2","120.86","5.48","6.71","24.80","52.10","40.20","1.22","26.44","18436","316.00","31.62","1.95","No_Machine_Failure"
"2022-03-08","Makino-L2-Unit1-2015","Shopfloor-L2","126.37","3.11","6.33","25.30","46.00","33.10","1.10","16.62","17726","326.00","21.56","2.88","No_Machine_Failure"
"2022-01-31","Makino-L3-Unit1-2015","Shopfloor-L3","78.33","6.56","5.86","9.70","48.10","35.80","0.95","32.77","26526","302.00","24.47","2.71","Machine_Failure"
"2022-02-19","Makino-L2-Unit1-2015","Shopfloor-L2","71.47","5.84","6.23","9.90","50.30","33.20","1.39","29.87","23361","334.00","20.44","3.00","No_Machine_Failure"
"2022-04-17","Makino-L3-Unit1-2015","Shopfloor-L3","88.28","3.87","5.97","8.70","50.70","29.40","0.95","32.48","19197","349.00","34.97","2.95","No_Machine_Failure"
"2022-04-14","Makino-L3-Unit1-2015","Shopfloor-L3","147.23","5.23","6.31","22.50","52.00","29.30","1.18","22.51","21025","388.00","32.52","1.99","No_Machine_Failure"
"2022-03-22","Makino-L2-Unit1-2015","Shopfloor-L2","125.96","5.78","7.04","27.60","49.50","38.80","1.41","21.80","13272","354.00","30.51","2.74","No_Machine_Failure"
"2022-03-30","Makino-L3-Unit1-2015","Shopfloor-L3","95.29","4.63","6.47","24.40","44.90","31.60","0.79","28.12","18676","223.00","15.90","2.53","Machine_Failure"
"2022-03-13","Makino-L2-Unit1-2015","Shopfloor-L2","128.54","3.16","6.56","11.90","50.60","36.80","1.03","21.30","21615","289.00","22.09","2.97","No_Machine_Failure"
"2022-05-23","Makino-L3-Unit1-2015","Shopfloor-L3","103.88","3.11","7.01","21.70","43.90","33.50","1.30","27.61","20698","287.00","35.58","2.88","No_Machine_Failure"
"2022-03-30","Makino-L1-Unit1-2013","Shopfloor-L1","125.42","3.11","6.85","20.20","49.90","35.90","1.69","30.20","20096","388.00","23.76","2.93","No_Machine_Failure"
"2022-02-19","Makino-L3-Unit1-2015","Shopfloor-L3","131.06","5.82","6.15","11.90","42.00","36.40","1.01","28.97","23281","327.00","20.51","2.88","No_Machine_Failure"
"2022-02-18","Makino-L1-Unit1-2013","Shopfloor-L1","118.01","4.95","5.38","18.56","49.40","41.30","1.41","20.32","19197","347.00","18.54","3.57","No_Machine_Failure"
"2022-03-14","Makino-L2-Unit1-2015","Shopfloor-L2","54.46","4.07","6.65","25.60","49.70","44.90","0.18","32.35","26526","404.00","15.90","2.49","Machine_Failure"
"2022-03-28","Makino-L3-Unit1-2015","Shopfloor-L3","86.78","4.67","6.88","26.10","48.30","30.80","0.78","31.67","18873","409.00","25.30","2.46","Machine_Failure"
"2022-03-01","Makino-L2-Unit1-2015","Shopfloor-L2","127.95","4.95","6.39","24.60","35.80","34.80","1.77","25.39","21880","382.00","31.62","1.87","No_Machine_Failure"
"2022-03-11","Makino-L2-Unit1-2015","Shopfloor-L2","137.94","5.32","6.61","23.40","42.60","33.00","1.04","29.53","17726","358.00","22.32","1.87","No_Machine_Failure"
"2022-02-23","Makino-L1-Unit1-2013","Shopfloor-L1","87.00","5.41","6.42","9.90","52.50","30.50","0.16","22.64","21659","324.00","22.04","3.00","No_Machine_Failure"
"2021-12-31","Makino-L3-Unit1-2015","Shopfloor-L3","71.12","6.84","6.66","13.10","40.70","33.00","1.32","30.61","19851","325.00","24.05","3.55","Machine_Failure"
"2022-04-28","Makino-L2-Unit1-2015","Shopfloor-L2","107.93","3.11","6.47","21.00","45.70","25.20","0.26","25.48","20418","334.00","23.38","2.71","No_Machine_Failure"
"2022-02-11","Makino-L1-Unit1-2013","Shopfloor-L1","121.02","5.67","6.60","26.50","47.00","37.10","1.08","30.95","22722","312.00","21.01","1.95","No_Machine_Failure"
"2022-04-25","Makino-L1-Unit1-2013","Shopfloor-L1","145.31","5.09","6.74","21.20","46.90","38.70","1.16","22.17","20472","359.00","33.92","2.85","No_Machine_Failure"
"2022-02-06","Makino-L1-Unit1-2013","Shopfloor-L1","80.44","6.86","6.58","23.00","45.40","36.20","1.35","34.51","26605","424.00","17.90","3.55","Machine_Failure"
"2022-02-13","Makino-L1-Unit1-2013","Shopfloor-L1","89.19","4.86","6.25","30.30","42.40","30.40","1.35","25.27","19701","344.00","24.23","2.66","Machine_Failure"
"2022-02-15","Makino-L1-Unit1-2013","Shopfloor-L1","73.57","3.11","7.39","25.80","45.70","41.20","0.82","24.05","17726","369.00","35.58","2.97","No_Machine_Failure"
"2021-12-17","Makino-L1-Unit1-2013","Shopfloor-L1","88.28","6.84","6.56","5.20","49.40","34.20","1.27","30.21","27957","340.00","15.90","2.70","Machine_Failure"
"2022-03-25","Makino-L3-Unit1-2015","Shopfloor-L3","167.25","5.58","5.91","6.80","50.20","34.30","0.42","20.21","22331","367.00","30.51","2.88","No_Machine_Failure"
"2022-05-10","Makino-L1-Unit1-2013","Shopfloor-L1","125.95","5.57","5.89","13.70","50.50","32.40","1.03","22.45","26526","334.00","25.96","3.91","Machine_Failure"
"2022-01-28","Makino-L1-Unit1-2013","Shopfloor-L1","100.57","5.19","6.04","22.10","49.00","37.20","0.74","18.80","20889","291.00","35.58","1.95","No_Machine_Failure"
"2022-03-15","Makino-L3-Unit1-2015","Shopfloor-L3","70.66","3.96","6.00","24.40","41.60","33.30","0.49","37.71","26605","390.00","30.33","2.11","Machine_Failure"
"2022-02-03","Makino-L3-Unit1-2015","Shopfloor-L3","101.41","3.90","6.83","20.30","53.00","38.10","0.90","28.10","20132","373.00","31.62","2.60","No_Machine_Failure"
"2022-02-25","Makino-L1-Unit1-2013","Shopfloor-L1","95.58","4.79","7.04","25.70","45.10","36.20","1.28","30.62","19340","342.00","24.68","2.86","Machine_Failure"
"2022-04-12","Makino-L1-Unit1-2013","Shopfloor-L1","120.22","4.55","6.23","30.30","45.10","35.80","1.19","28.56","27613","381.00","26.02","2.44","Machine_Failure"
"2022-02-21","Makino-L2-Unit1-2015","Shopfloor-L2","88.28","3.90","7.21","28.50","49.60","38.50","1.16","28.49","16198","354.00","20.28","1.86","No_Machine_Failure"
"2022-02-19","Makino-L1-Unit1-2013","Shopfloor-L1","97.39","5.92","6.81","6.40","54.20","37.50","1.22","30.89","19547","414.00","24.42","2.80","Machine_Failure"
"2022-04-06","Makino-L3-Unit1-2015","Shopfloor-L3","82.97","5.00","5.96","7.40","48.80","40.30","1.10","17.10","20082","315.00","32.52","2.88","No_Machine_Failure"
"2022-02-22","Makino-L3-Unit1-2015","Shopfloor-L3","77.11","4.57","6.80","24.40","46.90","36.80","0.87","31.83","27613","313.00","24.83","2.75","Machine_Failure"
"2022-03-25","Makino-L2-Unit1-2015","Shopfloor-L2","104.31","5.61","7.02","11.90","50.80","31.10","0.58","28.70","22489","372.00","35.58","3.16","No_Machine_Failure"
"2022-04-01","Makino-L2-Unit1-2015","Shopfloor-L2","145.51","3.11","6.52","20.90","52.00","33.20","0.59","27.64","20367","380.00","35.58","2.99","No_Machine_Failure"
"2022-03-18","Makino-L2-Unit1-2015","Shopfloor-L2","114.30","3.82","6.20","9.90","52.80","39.20","1.21","28.00","13272","331.00","30.51","2.11","No_Machine_Failure"
"2022-03-31","Makino-L3-Unit1-2015","Shopfloor-L3","123.62","5.07","6.04","4.50","51.50","32.10","0.69","16.97","20413","278.00","32.52","2.88","No_Machine_Failure"
"2022-04-24","Makino-L3-Unit1-2015","Shopfloor-L3","111.39","5.12","7.11","6.80","43.50","33.80","0.74","20.79","20595","412.00","35.58","2.01","No_Machine_Failure"
"2022-03-31","Makino-L1-Unit1-2013","Shopfloor-L1","111.29","5.06","6.62","12.20","48.20","31.50","1.18","18.11","20314","432.00","23.50","2.62","No_Machine_Failure"
"2022-02-23","Makino-L2-Unit1-2015","Shopfloor-L2","91.16","4.76","6.75","25.90","39.00","27.70","0.96","25.53","19191","369.00","24.88","3.91","Machine_Failure"
"2022-03-21","Makino-L1-Unit1-2013","Shopfloor-L1","77.72","4.21","6.40","4.50","47.00","29.50","1.30","24.99","20504","315.00","14.20","2.55","Machine_Failure"
"2022-02-27","Makino-L1-Unit1-2013","Shopfloor-L1","125.57","5.53","6.45","25.30","44.60","33.40","1.10","23.95","16198","276.00","35.58","3.22","No_Machine_Failure"
"2022-03-10","Makino-L2-Unit1-2015","Shopfloor-L2","117.99","5.34","6.11","23.60","42.40","37.80","1.22","35.17","21480","324.00","22.23","3.10","No_Machine_Failure"
"2022-03-04","Makino-L3-Unit1-2015","Shopfloor-L3","136.94","5.43","6.66","24.30","49.90","34.30","1.29","15.97","21754","309.00","21.95","3.05","No_Machine_Failure"
"2022-04-04","Makino-L2-Unit1-2015","Shopfloor-L2","119.32","5.02","6.84","20.40","44.90","35.50","1.32","25.69","20192","340.00","34.97","1.85","No_Machine_Failure"
"2022-03-05","Makino-L1-Unit1-2013","Shopfloor-L1","132.66","5.44","6.34","7.40","46.60","36.50","1.03","30.00","21814","322.00","35.58","3.07","No_Machine_Failure"
"2022-03-18","Makino-L3-Unit1-2015","Shopfloor-L3","64.18","3.69","7.10","18.40","42.00","28.00","1.21","33.53","13704","365.00","34.84","2.02","Machine_Failure"
"2022-03-28","Makino-L3-Unit1-2015","Shopfloor-L3","157.47","4.67","6.10","8.60","42.60","37.30","0.38","38.90","18889","324.00","25.27","2.61","Machine_Failure"
"2022-03-03","Makino-L2-Unit1-2015","Shopfloor-L2","116.44","5.49","6.91","24.90","46.00","33.50","0.55","21.11","13272","408.00","34.97","3.20","No_Machine_Failure"
"2022-03-24","Makino-L3-Unit1-2015","Shopfloor-L3","125.95","6.56","6.81","26.70","45.60","36.00","1.06","37.93","17919","414.00","29.15","3.55","Machine_Failure"
"2022-03-16","Makino-L3-Unit1-2015","Shopfloor-L3","139.81","3.11","6.31","28.50","47.70","32.80","0.69","35.84","23527","369.00","33.92","1.86","No_Machine_Failure"
"2022-03-15","Makino-L2-Unit1-2015","Shopfloor-L2","121.95","3.11","7.16","10.60","49.40","27.40","1.41","33.39","16198","373.00","22.16","3.09","No_Machine_Failure"
"2022-04-12","Makino-L1-Unit1-2013","Shopfloor-L1","82.59","4.55","6.69","17.60","52.10","36.40","1.22","26.09","26526","304.00","25.23","3.59","Machine_Failure"
"2022-02-12","Makino-L3-Unit1-2015","Shopfloor-L3","98.87","5.68","6.92","26.60","44.90","36.20","0.74","32.59","22771","298.00","20.97","3.03","No_Machine_Failure"
"2022-02-19","Makino-L3-Unit1-2015","Shopfloor-L3","83.46","4.84","6.37","13.40","42.30","32.10","1.05","28.80","19542","364.00","24.43","3.33","Machine_Failure"
"2021-12-30","Makino-L1-Unit1-2013","Shopfloor-L1","57.30","4.92","5.79","29.80","44.90","33.80","0.56","26.31","19784","423.00","16.96","2.75","Machine_Failure"
"2022-04-25","Makino-L3-Unit1-2015","Shopfloor-L3","125.57","5.12","6.68","21.40","49.00","31.10","0.57","25.04","18436","417.00","35.58","2.02","No_Machine_Failure"
"2022-04-06","Makino-L2-Unit1-2015","Shopfloor-L2","107.42","3.17","7.00","11.90","47.70","32.60","1.15","29.58","15217","367.00","23.85","1.91","No_Machine_Failure"
"2022-03-02","Makino-L2-Unit1-2015","Shopfloor-L2","97.64","5.48","6.62","10.60","49.00","39.50","0.80","17.24","21953","266.00","33.92","3.00","No_Machine_Failure"
"2022-03-12","Makino-L2-Unit1-2015","Shopfloor-L2","52.98","4.40","6.38","4.80","36.20","33.90","1.37","23.63","27957","330.00","27.03","3.67","Machine_Failure"
"2022-05-14","Makino-L1-Unit1-2013","Shopfloor-L1","121.01","5.13","6.44","21.60","44.70","31.00","0.16","32.99","20624","439.00","34.97","1.89","No_Machine_Failure"
"2022-04-01","Makino-L1-Unit1-2013","Shopfloor-L1","97.01","6.86","6.78","12.00","46.60","33.40","0.74","32.34","18729","287.00","25.49","3.59","Machine_Failure"
"2022-04-11","Makino-L1-Unit1-2013","Shopfloor-L1","52.58","4.52","7.04","5.50","51.10","31.20","0.86","23.02","18189","356.00","15.90","2.36","Machine_Failure"
"2022-03-07","Makino-L2-Unit1-2015","Shopfloor-L2","119.18","5.56","6.41","25.60","55.50","29.40","1.60","18.04","22287","373.00","32.37","1.95","No_Machine_Failure"
"2022-03-21","Makino-L1-Unit1-2013","Shopfloor-L1","80.27","4.21","6.67","11.60","47.40","36.20","0.65","21.83","16867","319.00","15.12","3.55","Machine_Failure"
"2022-04-13","Makino-L1-Unit1-2013","Shopfloor-L1","55.41","4.54","6.71","10.70","47.70","40.40","0.85","8.19","18276","413.00","26.12","2.48","Machine_Failure"
"2022-02-19","Makino-L3-Unit1-2015","Shopfloor-L3","85.75","4.85","6.47","30.30","47.10","31.70","1.42","14.40","19544","319.00","24.43","2.65","Machine_Failure"
"2022-04-01","Makino-L3-Unit1-2015","Shopfloor-L3","98.70","6.56","6.16","18.10","47.30","35.40","1.79","19.43","18735","332.00","14.20","3.55","Machine_Failure"
"2022-02-06","Makino-L3-Unit1-2015","Shopfloor-L3","107.42","5.02","6.50","11.90","45.50","28.70","0.98","25.24","20196","267.00","23.64","2.78","No_Machine_Failure"
"2022-04-07","Makino-L1-Unit1-2013","Shopfloor-L1","144.75","3.16","6.94","20.20","44.30","38.90","0.94","25.44","20065","316.00","35.58","2.88","No_Machine_Failure"
"2022-02-22","Makino-L3-Unit1-2015","Shopfloor-L3","155.52","3.13","6.51","10.60","47.30","27.90","0.98","24.69","17726","328.00","30.51","3.06","No_Machine_Failure"
"2022-03-18","Makino-L2-Unit1-2015","Shopfloor-L2","90.25","3.70","6.67","4.40","43.10","31.00","1.47","27.22","13888","341.00","16.45","2.10","Machine_Failure"
"2022-02-06","Makino-L2-Unit1-2015","Shopfloor-L2","80.99","4.75","6.09","28.70","42.30","36.40","1.33","21.78","19169","340.00","24.90","3.91","Machine_Failure"
"2022-02-07","Makino-L1-Unit1-2013","Shopfloor-L1","134.02","4.80","6.58","11.50","49.90","33.30","0.66","13.66","19346","282.00","14.11","2.55","Machine_Failure"
"2022-02-24","Makino-L3-Unit1-2015","Shopfloor-L3","67.73","4.81","5.86","29.80","54.00","33.10","1.30","18.83","19369","382.00","24.65","2.87","Machine_Failure"
"2022-04-02","Makino-L2-Unit1-2015","Shopfloor-L2","55.99","4.72","6.51","12.10","54.80","27.20","1.42","37.53","19053","302.00","25.06","3.55","Machine_Failure"
"2022-03-04","Makino-L3-Unit1-2015","Shopfloor-L3","92.20","4.37","5.80","24.40","49.70","34.10","0.80","37.10","17544","281.00","27.21","2.35","Machine_Failure"
"2022-03-14","Makino-L1-Unit1-2013","Shopfloor-L1","94.68","4.42","6.91","26.40","45.80","29.40","1.45","16.63","17797","299.00","25.23","2.49","Machine_Failure"
"2022-06-07","Makino-L3-Unit1-2015","Shopfloor-L3","147.07","5.14","6.58","21.70","45.60","35.00","1.12","22.95","20677","333.00","23.09","2.95","No_Machine_Failure"
"2022-04-02","Makino-L3-Unit1-2015","Shopfloor-L3","59.02","4.72","6.79","26.90","44.50","37.20","0.51","26.35","19056","398.00","25.05","3.69","Machine_Failure"
"2022-04-07","Makino-L2-Unit1-2015","Shopfloor-L2","125.95","4.86","6.77","30.30","45.70","29.70","1.09","27.79","19016","301.00","15.12","3.55","Machine_Failure"
"2022-02-10","Makino-L1-Unit1-2013","Shopfloor-L1","81.14","5.01","5.73","6.80","48.10","37.90","1.36","30.14","20125","407.00","23.72","2.75","No_Machine_Failure"
"2022-03-11","Makino-L2-Unit1-2015","Shopfloor-L2","67.40","4.47","6.92","25.60","49.20","33.50","1.30","23.89","21951","415.00","26.50","3.91","Machine_Failure"
"2022-02-24","Makino-L2-Unit1-2015","Shopfloor-L2","148.51","5.32","6.58","11.90","52.20","34.40","0.70","21.30","14266","387.00","35.58","3.11","No_Machine_Failure"
"2022-03-10","Makino-L1-Unit1-2013","Shopfloor-L1","67.75","4.45","6.42","29.80","50.10","34.80","0.89","26.04","26526","289.00","15.90","3.93","Machine_Failure"
"2022-02-10","Makino-L1-Unit1-2013","Shopfloor-L1","124.92","5.01","7.47","5.70","43.80","32.90","1.37","34.17","20115","371.00","23.73","2.78","No_Machine_Failure"
"2022-03-09","Makino-L2-Unit1-2015","Shopfloor-L2","173.22","4.45","6.59","26.20","51.30","37.50","1.06","23.62","20504","311.00","14.45","2.33","Machine_Failure"
"2022-03-13","Makino-L2-Unit1-2015","Shopfloor-L2","52.45","4.40","7.39","13.30","47.80","32.80","1.29","21.70","17694","360.00","26.98","2.63","Machine_Failure"
"2022-02-14","Makino-L3-Unit1-2015","Shopfloor-L3","106.89","5.61","6.88","26.10","48.40","32.60","0.87","26.08","22510","259.00","32.37","2.11","No_Machine_Failure"
"2022-03-11","Makino-L3-Unit1-2015","Shopfloor-L3","88.79","4.46","7.04","24.50","49.50","36.20","0.98","24.31","21951","390.00","26.58","3.49","Machine_Failure"
"2022-05-01","Makino-L1-Unit1-2013","Shopfloor-L1","126.30","3.89","6.27","21.30","43.80","28.40","0.63","18.57","20496","313.00","33.92","2.78","No_Machine_Failure"
"2022-02-09","Makino-L1-Unit1-2013","Shopfloor-L1","73.57","5.07","6.45","10.60","49.30","37.30","0.70","15.54","13272","345.00","23.40","2.92","No_Machine_Failure"
"2022-05-14","Makino-L2-Unit1-2015","Shopfloor-L2","50.41","4.58","6.36","22.80","53.50","31.60","1.34","15.13","27613","355.00","14.20","2.69","Machine_Failure"
"2022-03-18","Makino-L3-Unit1-2015","Shopfloor-L3","82.15","3.69","6.40","7.00","44.50","36.60","1.11","33.93","13617","354.00","35.06","1.94","Machine_Failure"
"2022-03-19","Makino-L1-Unit1-2013","Shopfloor-L1","122.00","5.36","6.19","20.10","49.50","30.60","1.17","25.10","15180","327.00","31.45","2.04","Machine_Failure"
"2022-03-20","Makino-L2-Unit1-2015","Shopfloor-L2","157.48","4.95","6.47","18.56","52.50","29.90","0.88","28.22","20275","297.00","25.63","1.86","No_Machine_Failure"
"2022-02-25","Makino-L2-Unit1-2015","Shopfloor-L2","137.19","5.35","6.58","23.60","48.90","37.80","1.30","11.80","17726","296.00","22.22","3.11","No_Machine_Failure"
"2022-02-14","Makino-L1-Unit1-2013","Shopfloor-L1","157.47","4.95","6.18","26.40","45.70","34.10","0.85","24.55","24555","337.00","17.90","3.67","Machine_Failure"
"2022-05-01","Makino-L1-Unit1-2013","Shopfloor-L1","122.08","3.05","6.62","21.20","51.50","38.50","0.57","23.25","20464","256.00","32.52","2.71","No_Machine_Failure"
"2022-05-01","Makino-L3-Unit1-2015","Shopfloor-L3","135.93","4.60","6.83","29.80","53.50","39.20","0.85","26.99","18586","373.00","16.45","2.50","Machine_Failure"
"2022-03-24","Makino-L2-Unit1-2015","Shopfloor-L2","139.34","5.36","6.80","18.60","46.00","36.70","0.68","26.66","20504","307.00","29.21","2.49","Machine_Failure"
"2022-02-26","Makino-L1-Unit1-2013","Shopfloor-L1","143.18","3.13","6.80","23.40","47.40","40.70","0.78","14.73","21417","370.00","22.29","1.85","No_Machine_Failure"
"2022-02-11","Makino-L2-Unit1-2015","Shopfloor-L2","125.90","5.67","6.50","5.70","45.90","31.80","0.96","22.72","22715","324.00","33.92","3.27","No_Machine_Failure"
"2022-03-15","Makino-L1-Unit1-2013","Shopfloor-L1","124.14","5.35","7.11","23.70","55.40","35.50","0.77","35.39","21514","369.00","22.19","2.11","No_Machine_Failure"
"2022-03-21","Makino-L3-Unit1-2015","Shopfloor-L3","79.41","5.57","6.78","30.30","43.20","37.80","0.26","17.84","26526","292.00","28.28","2.28","Machine_Failure"
"2022-04-05","Makino-L2-Unit1-2015","Shopfloor-L2","62.29","4.68","6.22","29.80","48.70","36.30","0.52","22.89","25528","333.00","16.45","2.56","Machine_Failure"
"2022-02-06","Makino-L2-Unit1-2015","Shopfloor-L2","101.41","5.02","6.84","20.40","44.70","39.80","0.97","25.55","20184","443.00","23.65","2.17","No_Machine_Failure"
"2022-02-05","Makino-L2-Unit1-2015","Shopfloor-L2","74.56","4.86","5.86","26.00","46.30","35.30","1.00","17.72","26526","320.00","15.90","2.74","Machine_Failure"
"2022-02-20","Makino-L2-Unit1-2015","Shopfloor-L2","88.28","5.86","5.81","8.70","42.00","38.40","1.39","20.98","23412","362.00","20.39","2.02","No_Machine_Failure"
"2022-02-22","Makino-L1-Unit1-2013","Shopfloor-L1","134.02","6.89","6.15","6.20","46.20","35.50","1.10","27.91","25528","345.00","14.20","2.85","Machine_Failure"
"2022-04-23","Makino-L3-Unit1-2015","Shopfloor-L3","129.46","3.16","6.43","21.40","47.50","27.00","1.16","28.70","20564","274.00","32.37","2.76","No_Machine_Failure"
"2022-03-30","Makino-L1-Unit1-2013","Shopfloor-L1","59.08","4.63","6.67","27.00","52.60","41.90","0.95","25.50","18697","354.00","14.20","2.48","Machine_Failure"
"2022-01-20","Makino-L2-Unit1-2015","Shopfloor-L2","103.34","5.12","6.17","21.50","50.90","29.20","1.18","40.07","15217","408.00","35.58","2.11","No_Machine_Failure"
"2022-03-02","Makino-L2-Unit1-2015","Shopfloor-L2","56.55","6.89","6.16","15.90","49.50","41.40","0.64","23.37","17484","352.00","27.31","2.64","Machine_Failure"
"2022-04-09","Makino-L1-Unit1-2013","Shopfloor-L1","98.70","6.56","5.92","10.40","49.80","36.20","0.71","18.28","23432","334.00","25.97","3.49","Machine_Failure"
"2022-03-15","Makino-L2-Unit1-2015","Shopfloor-L2","85.50","5.38","6.70","23.90","45.80","29.10","0.77","18.40","21592","409.00","30.51","1.88","No_Machine_Failure"
"2022-02-24","Makino-L3-Unit1-2015","Shopfloor-L3","140.81","5.32","6.68","23.40","42.00","37.50","1.24","24.25","21388","296.00","22.32","2.02","No_Machine_Failure"
"2022-03-14","Makino-L1-Unit1-2013","Shopfloor-L1","126.30","3.16","5.96","24.10","52.10","40.50","0.66","22.42","18436","348.00","32.37","2.91","No_Machine_Failure"
"2022-03-12","Makino-L2-Unit1-2015","Shopfloor-L2","157.47","4.84","6.82","29.80","51.50","35.90","0.76","25.64","18024","307.00","26.49","2.64","Machine_Failure"
"2022-02-18","Makino-L2-Unit1-2015","Shopfloor-L2","119.76","4.95","6.64","98.20","44.40","30.00","1.30","28.94","19197","346.00","30.51","3.63","No_Machine_Failure"
"2022-04-27","Makino-L3-Unit1-2015","Shopfloor-L3","76.48","5.57","7.15","4.10","43.40","41.10","1.21","26.54","26155","344.00","25.65","2.77","Machine_Failure"
"2022-03-23","Makino-L3-Unit1-2015","Shopfloor-L3","92.95","4.24","6.35","24.30","43.00","34.10","1.21","27.10","16996","343.00","28.09","2.43","Machine_Failure"
"2022-03-25","Makino-L1-Unit1-2013","Shopfloor-L1","71.04","4.12","6.66","19.40","45.80","38.60","1.25","32.73","16592","303.00","28.77","3.65","Machine_Failure"
"2022-04-05","Makino-L2-Unit1-2015","Shopfloor-L2","98.70","6.86","6.96","26.50","48.80","36.00","1.92","34.87","18948","315.00","16.45","3.55","Machine_Failure"
"2022-04-02","Makino-L3-Unit1-2015","Shopfloor-L3","104.12","5.02","7.01","20.40","45.80","38.70","0.95","31.20","20198","266.00","23.64","2.81","No_Machine_Failure"
"2022-03-14","Makino-L1-Unit1-2013","Shopfloor-L1","62.70","4.41","6.37","28.70","47.90","33.40","1.29","20.53","17919","364.00","14.20","2.57","Machine_Failure"
"2022-03-02","Makino-L1-Unit1-2013","Shopfloor-L1","86.78","4.34","6.48","30.30","52.00","35.90","1.46","16.71","20801","362.00","15.12","2.61","Machine_Failure"
"2022-04-27","Makino-L3-Unit1-2015","Shopfloor-L3","94.17","4.62","7.15","19.10","46.60","32.40","0.95","27.68","18617","353.00","25.64","2.78","Machine_Failure"
"2022-02-28","Makino-L1-Unit1-2013","Shopfloor-L1","137.68","5.56","6.70","25.60","48.70","30.90","0.51","35.80","22294","394.00","30.51","2.92","No_Machine_Failure"
"2022-01-24","Makino-L2-Unit1-2015","Shopfloor-L2","144.05","3.11","6.43","22.50","53.70","31.30","1.70","24.99","21030","331.00","22.70","2.80","No_Machine_Failure"
"2022-01-30","Makino-L3-Unit1-2015","Shopfloor-L3","139.95","3.90","6.72","5.70","41.70","43.70","1.47","19.01","20862","328.00","22.88","3.00","No_Machine_Failure"
"2022-03-21","Makino-L2-Unit1-2015","Shopfloor-L2","61.73","4.20","6.52","12.80","51.00","29.10","1.20","29.82","16830","374.00","16.96","3.58","Machine_Failure"
"2022-04-10","Makino-L1-Unit1-2013","Shopfloor-L1","117.87","5.23","6.53","11.90","49.30","29.00","1.43","15.20","21012","350.00","32.72","2.99","No_Machine_Failure"
"2022-03-28","Makino-L1-Unit1-2013","Shopfloor-L1","125.48","5.75","7.07","4.50","51.40","31.20","0.70","23.86","23017","391.00","32.37","1.92","No_Machine_Failure"
"2022-04-13","Makino-L2-Unit1-2015","Shopfloor-L2","78.63","4.54","6.02","9.70","46.20","41.90","0.30","19.63","18289","439.00","26.10","2.64","Machine_Failure"
"2022-03-28","Makino-L2-Unit1-2015","Shopfloor-L2","100.45","5.68","6.45","9.90","53.00","33.70","0.54","21.73","19197","378.00","20.97","2.99","No_Machine_Failure"
"2022-03-09","Makino-L3-Unit1-2015","Shopfloor-L3","89.35","4.33","6.40","30.30","44.40","33.80","0.52","29.98","20504","400.00","27.47","3.55","Machine_Failure"
"2022-01-06","Makino-L2-Unit1-2015","Shopfloor-L2","134.02","5.92","6.31","4.20","50.10","38.80","0.60","17.83","19793","345.00","15.12","2.89","Machine_Failure"
"2022-02-14","Makino-L3-Unit1-2015","Shopfloor-L3","121.46","3.05","6.62","27.00","52.10","37.40","1.08","23.98","22946","356.00","35.58","1.85","No_Machine_Failure"
"2022-03-11","Makino-L3-Unit1-2015","Shopfloor-L3","86.67","4.46","6.68","6.20","54.20","33.90","0.77","21.29","27613","377.00","26.61","2.44","Machine_Failure"
"2022-03-28","Makino-L3-Unit1-2015","Shopfloor-L3","125.28","5.68","5.95","12.20","40.90","36.30","1.24","22.02","15217","349.00","20.98","1.88","No_Machine_Failure"
"2022-02-24","Makino-L3-Unit1-2015","Shopfloor-L3","91.89","4.81","6.23","24.40","44.20","34.60","0.53","19.37","27957","357.00","24.60","3.55","Machine_Failure"
"2022-04-11","Makino-L2-Unit1-2015","Shopfloor-L2","92.86","5.22","7.22","22.40","43.50","38.40","0.61","23.08","14152","387.00","22.75","1.85","No_Machine_Failure"
"2022-03-22","Makino-L1-Unit1-2013","Shopfloor-L1","162.23","6.20","6.69","31.00","52.70","35.30","1.43","31.26","19197","300.00","32.52","2.02","No_Machine_Failure"
"2022-05-13","Makino-L1-Unit1-2013","Shopfloor-L1","63.88","5.36","6.92","29.80","41.00","40.90","1.21","23.73","20801","297.00","25.80","3.61","Machine_Failure"
"2022-01-27","Makino-L2-Unit1-2015","Shopfloor-L2","121.86","4.57","6.69","19.30","50.80","37.20","0.79","27.34","20504","322.00","24.34","3.55","Machine_Failure"
"2022-02-09","Makino-L1-Unit1-2013","Shopfloor-L1","92.86","5.07","6.24","9.90","46.70","36.10","0.69","20.46","19197","327.00","32.72","2.74","No_Machine_Failure"
"2022-03-28","Makino-L3-Unit1-2015","Shopfloor-L3","137.54","5.68","6.87","7.40","54.30","32.80","1.33","25.11","22760","353.00","31.62","3.06","No_Machine_Failure"
"2022-01-09","Makino-L2-Unit1-2015","Shopfloor-L2","85.49","4.93","6.54","29.80","39.10","35.30","0.95","30.13","26526","322.00","15.12","2.73","Machine_Failure"
"2022-03-08","Makino-L3-Unit1-2015","Shopfloor-L3","158.16","3.90","6.64","25.30","44.40","36.90","0.78","18.01","14266","258.00","21.55","2.97","No_Machine_Failure"
"2022-02-26","Makino-L2-Unit1-2015","Shopfloor-L2","82.34","4.95","6.83","24.40","44.30","36.60","1.98","18.04","19891","319.00","24.00","2.72","Machine_Failure"
"2022-04-10","Makino-L2-Unit1-2015","Shopfloor-L2","122.23","6.84","6.77","15.00","50.90","38.90","0.90","7.82","18197","383.00","26.24","3.93","Machine_Failure"
"2022-03-02","Makino-L2-Unit1-2015","Shopfloor-L2","77.92","4.35","5.93","29.80","46.20","24.00","1.19","25.15","25528","430.00","14.20","2.42","Machine_Failure"
"2022-03-23","Makino-L2-Unit1-2015","Shopfloor-L2","121.22","3.11","6.95","26.30","47.60","39.00","0.79","27.31","22609","303.00","21.12","3.10","No_Machine_Failure"
"2022-03-10","Makino-L3-Unit1-2015","Shopfloor-L3","158.28","5.34","7.33","6.80","43.30","29.90","1.22","23.65","21432","384.00","35.58","2.17","No_Machine_Failure"
"2022-02-23","Makino-L3-Unit1-2015","Shopfloor-L3","120.01","3.89","6.88","24.00","51.40","39.60","1.45","28.12","21607","312.00","22.09","3.08","No_Machine_Failure"
"2021-11-24","Makino-L3-Unit1-2015","Shopfloor-L3","88.64","6.56","6.21","6.10","44.40","36.80","0.82","24.07","0","328.00","29.01","2.26","Machine_Failure"
"2022-03-06","Makino-L1-Unit1-2013","Shopfloor-L1","80.73","3.05","6.10","5.70","52.90","26.30","1.22","22.41","22238","330.00","21.47","3.09","No_Machine_Failure"
"2022-02-19","Makino-L2-Unit1-2015","Shopfloor-L2","59.48","4.84","6.52","24.50","44.70","38.00","0.89","21.98","19402","369.00","24.61","2.60","Machine_Failure"
"2022-03-06","Makino-L2-Unit1-2015","Shopfloor-L2","125.95","5.92","6.55","32.60","46.40","28.10","1.31","29.69","23432","325.00","15.90","2.59","Machine_Failure"
"2022-03-14","Makino-L3-Unit1-2015","Shopfloor-L3","99.74","5.41","6.36","7.40","43.10","36.40","0.75","18.79","18436","401.00","34.97","3.00","No_Machine_Failure"
"2022-04-09","Makino-L2-Unit1-2015","Shopfloor-L2","76.28","4.53","5.95","26.40","54.30","43.00","1.25","29.42","25528","451.00","16.96","2.39","Machine_Failure"
"2022-03-08","Makino-L3-Unit1-2015","Shopfloor-L3","78.52","4.33","5.72","8.80","47.62","35.06","0.90","13.04","17351","321.00","16.96","2.32","Machine_Failure"
"2022-02-24","Makino-L2-Unit1-2015","Shopfloor-L2","67.73","4.76","6.58","25.60","47.80","34.30","0.63","23.52","17919","328.00","24.86","3.58","Machine_Failure"
"2022-04-02","Makino-L3-Unit1-2015","Shopfloor-L3","132.45","5.03","6.54","20.50","54.90","40.70","1.69","19.80","20214","368.00","32.52","2.77","No_Machine_Failure"
"2022-03-08","Makino-L3-Unit1-2015","Shopfloor-L3","98.42","5.52","6.45","25.20","43.10","39.00","1.12","26.60","18436","391.00","32.37","2.01","No_Machine_Failure"
"2022-03-01","Makino-L2-Unit1-2015","Shopfloor-L2","92.94","4.92","7.23","36.50","47.60","35.40","1.06","30.67","19799","354.00","16.96","2.78","Machine_Failure"
"2022-04-11","Makino-L3-Unit1-2015","Shopfloor-L3","125.13","5.22","6.03","22.40","42.00","35.90","1.45","27.04","18436","360.00","22.75","2.02","No_Machine_Failure"
"2022-03-11","Makino-L2-Unit1-2015","Shopfloor-L2","113.47","3.90","5.81","10.60","44.00","33.10","0.90","19.08","21444","309.00","30.51","2.86","No_Machine_Failure"
"2022-02-04","Makino-L1-Unit1-2013","Shopfloor-L1","62.07","5.92","7.05","6.80","48.20","33.20","0.95","22.95","27613","401.00","25.23","3.67","Machine_Failure"
"2022-02-03","Makino-L3-Unit1-2015","Shopfloor-L3","52.92","5.92","6.72","25.60","42.00","35.10","1.20","27.64","19648","365.00","24.30","3.93","Machine_Failure"
"2022-05-09","Makino-L2-Unit1-2015","Shopfloor-L2","135.54","5.17","5.96","8.70","53.70","33.30","1.44","34.04","16198","357.00","22.97","1.86","No_Machine_Failure"
"2022-01-14","Makino-L1-Unit1-2013","Shopfloor-L1","92.86","5.09","6.22","21.10","38.70","35.10","1.49","30.86","20449","336.00","32.52","1.88","No_Machine_Failure"
"2022-03-11","Makino-L2-Unit1-2015","Shopfloor-L2","69.51","4.46","6.89","4.40","42.10","34.00","1.17","26.41","17976","333.00","26.56","2.57","Machine_Failure"
"2022-03-13","Makino-L3-Unit1-2015","Shopfloor-L3","85.01","4.57","5.98","19.70","45.40","34.30","1.06","23.41","17816","348.00","26.80","2.37","Machine_Failure"
"2022-04-13","Makino-L2-Unit1-2015","Shopfloor-L2","56.25","4.54","6.39","24.40","52.30","33.30","1.32","23.02","18294","422.00","26.10","2.37","Machine_Failure"
"2022-05-12","Makino-L2-Unit1-2015","Shopfloor-L2","89.46","5.13","6.34","12.20","48.00","33.30","1.26","27.45","20652","334.00","32.49","2.99","No_Machine_Failure"
"2022-03-23","Makino-L3-Unit1-2015","Shopfloor-L3","96.48","4.10","7.21","10.30","52.30","41.30","1.37","28.51","16455","258.00","29.01","2.37","Machine_Failure"
"2022-04-13","Makino-L2-Unit1-2015","Shopfloor-L2","78.54","4.54","6.75","16.30","49.00","34.10","0.29","23.08","18292","302.00","26.10","2.51","Machine_Failure"
"2022-02-10","Makino-L1-Unit1-2013","Shopfloor-L1","99.05","4.99","6.34","20.10","49.10","29.90","0.70","34.06","18436","342.00","23.82","1.85","No_Machine_Failure"
"2022-04-11","Makino-L2-Unit1-2015","Shopfloor-L2","145.26","3.11","6.60","12.20","46.80","35.30","0.42","16.65","20981","362.00","32.52","2.01","No_Machine_Failure"
"2022-04-03","Makino-L2-Unit1-2015","Shopfloor-L2","61.25","4.71","6.05","15.40","42.50","35.20","1.49","20.88","20504","343.00","16.96","2.56","Machine_Failure"
"2022-03-25","Makino-L2-Unit1-2015","Shopfloor-L2","146.49","5.60","6.55","5.70","49.30","37.60","0.33","28.78","17726","317.00","33.92","1.89","No_Machine_Failure"
"2022-04-26","Makino-L3-Unit1-2015","Shopfloor-L3","147.17","3.89","6.65","6.80","47.40","28.90","0.66","23.93","20440","381.00","33.36","2.01","No_Machine_Failure"
"2022-03-18","Makino-L2-Unit1-2015","Shopfloor-L2","133.36","5.80","6.12","12.20","50.40","38.10","0.99","25.07","23173","328.00","34.97","2.02","No_Machine_Failure"
"2022-02-09","Makino-L3-Unit1-2015","Shopfloor-L3","54.87","6.86","6.42","26.40","51.00","30.50","1.54","22.48","19845","363.00","15.90","2.89","Machine_Failure"
"2022-03-06","Makino-L2-Unit1-2015","Shopfloor-L2","52.27","4.29","6.88","10.00","50.00","31.30","0.61","25.98","17208","362.00","17.90","2.29","Machine_Failure"
"2022-02-06","Makino-L1-Unit1-2013","Shopfloor-L1","98.94","5.92","6.77","24.90","50.80","37.70","1.25","19.13","19190","336.00","24.88","3.55","Machine_Failure"
"2022-04-11","Makino-L2-Unit1-2015","Shopfloor-L2","70.67","4.84","5.79","6.10","51.60","39.00","0.53","15.16","18366","356.00","16.45","2.52","Machine_Failure"
"2022-02-07","Makino-L2-Unit1-2015","Shopfloor-L2","74.78","4.80","6.69","32.60","46.40","41.00","1.84","26.96","19351","381.00","16.96","2.65","Machine_Failure"
"2022-04-01","Makino-L1-Unit1-2013","Shopfloor-L1","90.39","4.64","5.94","27.00","48.50","40.50","0.82","18.76","27613","364.00","25.50","2.64","Machine_Failure"
"2022-04-10","Makino-L1-Unit1-2013","Shopfloor-L1","100.11","5.23","6.50","22.50","47.30","36.90","0.88","35.28","21017","348.00","22.72","1.86","No_Machine_Failure"
"2022-02-17","Makino-L3-Unit1-2015","Shopfloor-L3","137.81","6.05","6.13","29.60","43.40","38.60","1.16","25.95","15217","328.00","35.58","3.36","No_Machine_Failure"
"2022-02-27","Makino-L1-Unit1-2013","Shopfloor-L1","107.84","5.52","6.80","25.10","39.20","33.00","1.18","27.33","15217","398.00","32.37","2.86","No_Machine_Failure"
"2022-02-06","Makino-L3-Unit1-2015","Shopfloor-L3","81.14","5.01","5.69","12.20","55.20","35.20","1.16","20.64","20152","400.00","23.69","2.01","No_Machine_Failure"
"2022-03-01","Makino-L1-Unit1-2013","Shopfloor-L1","152.87","5.46","6.12","24.60","46.20","43.70","0.71","13.30","13272","381.00","32.52","2.01","No_Machine_Failure"
"2022-03-19","Makino-L3-Unit1-2015","Shopfloor-L3","79.76","4.86","6.46","18.70","44.80","29.00","0.74","25.92","14817","351.00","32.22","2.29","Machine_Failure"
"2022-02-21","Makino-L3-Unit1-2015","Shopfloor-L3","63.27","4.87","6.56","30.30","50.00","37.30","0.53","11.38","19647","329.00","24.30","3.55","Machine_Failure"
"2022-03-28","Makino-L3-Unit1-2015","Shopfloor-L3","94.72","4.67","6.57","25.20","50.30","41.10","1.32","12.46","23432","393.00","25.27","2.73","Machine_Failure"
"2022-02-17","Makino-L2-Unit1-2015","Shopfloor-L2","90.46","3.80","6.08","29.70","51.40","36.00","1.20","17.73","17726","338.00","30.51","1.85","No_Machine_Failure"
"2022-02-25","Makino-L1-Unit1-2013","Shopfloor-L1","61.73","4.79","6.38","14.60","50.30","35.20","0.87","12.81","19333","346.00","24.69","2.70","Machine_Failure"
"2022-03-24","Makino-L2-Unit1-2015","Shopfloor-L2","92.44","6.89","6.16","27.00","47.80","35.80","1.18","17.09","20801","386.00","29.14","3.59","Machine_Failure"
"2022-04-25","Makino-L3-Unit1-2015","Shopfloor-L3","99.36","4.59","6.86","11.60","50.20","36.30","0.17","26.34","27613","399.00","25.78","2.52","Machine_Failure"
"2022-03-10","Makino-L2-Unit1-2015","Shopfloor-L2","134.02","4.57","6.75","5.30","46.90","34.10","1.47","29.20","17867","334.00","17.90","3.67","Machine_Failure"
"2022-01-27","Makino-L1-Unit1-2013","Shopfloor-L1","157.47","6.84","6.61","9.70","50.40","27.70","0.80","23.88","21951","358.00","24.35","3.55","Machine_Failure"
"2022-02-24","Makino-L2-Unit1-2015","Shopfloor-L2","58.40","4.81","6.30","27.00","52.00","33.80","0.85","23.45","27613","387.00","24.61","3.67","Machine_Failure"
"2022-05-19","Makino-L2-Unit1-2015","Shopfloor-L2","71.99","4.58","6.14","25.60","47.40","35.20","1.67","20.92","26605","285.00","25.83","2.64","Machine_Failure"
"2022-03-05","Makino-L2-Unit1-2015","Shopfloor-L2","116.23","5.50","5.63","25.00","40.90","32.80","1.02","16.95","14266","229.00","35.58","2.11","No_Machine_Failure"
"2022-04-08","Makino-L1-Unit1-2013","Shopfloor-L1","69.05","4.70","6.51","27.00","46.20","33.90","0.58","26.81","27957","427.00","14.45","2.60","Machine_Failure"
"2022-04-15","Makino-L3-Unit1-2015","Shopfloor-L3","51.64","5.57","7.04","23.80","48.40","32.10","0.91","22.89","18076","371.00","16.45","2.53","Machine_Failure"
"2022-04-18","Makino-L3-Unit1-2015","Shopfloor-L3","55.00","5.92","6.96","24.40","53.60","31.20","1.38","27.84","18155","325.00","14.20","3.67","Machine_Failure"
"2022-04-04","Makino-L3-Unit1-2015","Shopfloor-L3","72.58","4.73","6.69","27.00","46.40","38.70","1.42","28.14","26605","311.00","16.45","2.49","Machine_Failure"
"2022-02-12","Makino-L3-Unit1-2015","Shopfloor-L3","129.76","5.77","6.36","9.90","50.00","34.20","0.77","24.90","19197","340.00","30.51","1.86","No_Machine_Failure"
"2022-02-20","Makino-L1-Unit1-2013","Shopfloor-L1","54.35","6.89","6.18","14.90","48.20","33.10","0.52","23.61","19551","382.00","15.90","3.69","Machine_Failure"
"2022-02-08","Makino-L3-Unit1-2015","Shopfloor-L3","89.37","4.97","6.98","9.90","48.20","37.60","1.23","18.34","19989","473.00","23.88","2.82","Machine_Failure"
"2022-04-17","Makino-L1-Unit1-2013","Shopfloor-L1","90.46","3.17","6.95","10.60","47.10","37.70","0.86","25.88","14152","360.00","32.37","2.90","No_Machine_Failure"
"2022-03-08","Makino-L3-Unit1-2015","Shopfloor-L3","57.51","4.32","6.95","5.50","40.70","31.20","1.09","31.84","17344","399.00","14.11","2.28","Machine_Failure"
"2022-04-03","Makino-L3-Unit1-2015","Shopfloor-L3","90.49","4.74","6.29","7.70","46.70","27.50","0.32","31.37","23432","396.00","24.94","2.64","Machine_Failure"
"2022-01-27","Makino-L3-Unit1-2015","Shopfloor-L3","145.60","3.13","6.83","7.40","45.00","36.30","0.69","11.40","18436","449.00","31.62","2.88","No_Machine_Failure"
"2022-04-02","Makino-L1-Unit1-2013","Shopfloor-L1","60.63","4.72","6.81","8.80","48.00","41.10","1.31","23.41","26605","358.00","25.03","3.67","Machine_Failure"
"2022-04-11","Makino-L1-Unit1-2013","Shopfloor-L1","67.18","4.57","6.40","32.60","40.50","29.60","0.77","22.06","18235","284.00","26.18","2.45","Machine_Failure"
"2022-03-03","Makino-L3-Unit1-2015","Shopfloor-L3","56.87","4.34","6.93","21.00","50.60","33.00","1.34","29.05","20504","327.00","27.39","3.55","Machine_Failure"
"2022-01-28","Makino-L3-Unit1-2015","Shopfloor-L3","121.87","5.19","7.36","22.10","43.60","34.60","1.36","19.65","20896","412.00","34.97","1.99","No_Machine_Failure"
"2022-03-23","Makino-L2-Unit1-2015","Shopfloor-L2","103.20","5.66","6.31","26.40","61.40","41.90","0.92","20.26","22653","378.00","31.62","2.02","No_Machine_Failure"
"2022-03-27","Makino-L3-Unit1-2015","Shopfloor-L3","117.81","5.76","7.09","27.40","46.80","40.50","1.10","26.88","23096","362.00","30.51","3.23","No_Machine_Failure"
"2022-03-22","Makino-L2-Unit1-2015","Shopfloor-L2","82.09","4.25","6.91","20.00","42.90","39.90","1.13","36.41","23432","375.00","28.03","2.25","Machine_Failure"
"2022-03-31","Makino-L3-Unit1-2015","Shopfloor-L3","74.86","6.86","6.16","15.70","44.50","38.70","1.43","20.86","21951","346.00","25.52","2.49","Machine_Failure"
"2022-03-05","Makino-L2-Unit1-2015","Shopfloor-L2","57.94","6.89","6.81","22.80","44.90","29.00","0.94","27.75","17502","366.00","27.28","2.41","Machine_Failure"
"2022-02-18","Makino-L3-Unit1-2015","Shopfloor-L3","75.46","4.82","6.91","27.00","46.00","32.10","1.18","20.13","23432","306.00","24.52","3.61","Machine_Failure"
"2022-02-03","Makino-L1-Unit1-2013","Shopfloor-L1","85.02","5.57","6.80","27.00","47.40","35.70","1.00","18.45","26526","415.00","24.53","3.49","Machine_Failure"
"2022-04-05","Makino-L3-Unit1-2015","Shopfloor-L3","139.34","4.84","6.37","9.30","48.50","34.00","0.95","29.07","27957","318.00","15.90","3.59","Machine_Failure"
"2022-02-24","Makino-L3-Unit1-2015","Shopfloor-L3","95.45","4.78","6.61","26.40","47.30","36.50","1.11","30.77","26526","394.00","24.75","3.61","Machine_Failure"
"2022-03-16","Makino-L2-Unit1-2015","Shopfloor-L2","100.18","5.90","7.05","28.50","46.50","31.90","1.20","25.48","23497","300.00","32.37","1.85","No_Machine_Failure"
"2022-02-25","Makino-L2-Unit1-2015","Shopfloor-L2","140.64","5.34","6.50","7.40","43.00","27.30","0.65","32.30","18436","294.00","22.25","2.89","No_Machine_Failure"
"2022-03-17","Makino-L1-Unit1-2013","Shopfloor-L1","136.32","3.14","6.18","11.90","56.00","31.80","0.68","27.29","23728","371.00","20.12","1.88","No_Machine_Failure"
"2022-04-06","Makino-L2-Unit1-2015","Shopfloor-L2","62.29","4.71","6.61","23.40","46.40","32.30","0.90","30.25","17919","363.00","15.12","2.51","Machine_Failure"
"2022-01-08","Makino-L1-Unit1-2013","Shopfloor-L1","116.03","3.13","5.98","8.70","51.10","34.70","1.02","25.85","14266","395.00","22.95","2.00","No_Machine_Failure"
"2022-04-06","Makino-L1-Unit1-2013","Shopfloor-L1","137.59","4.99","6.63","12.20","41.30","38.90","1.50","20.53","14152","373.00","23.80","1.85","No_Machine_Failure"
"2022-02-18","Makino-L3-Unit1-2015","Shopfloor-L3","122.05","6.10","7.03","29.90","46.50","35.20","1.01","15.57","24105","307.00","33.92","1.88","No_Machine_Failure"
"2022-04-04","Makino-L3-Unit1-2015","Shopfloor-L3","70.38","4.74","6.20","27.00","45.20","36.30","1.59","16.61","26526","327.00","24.95","3.69","Machine_Failure"
"2022-02-17","Makino-L2-Unit1-2015","Shopfloor-L2","73.96","4.82","6.22","28.70","42.90","37.50","0.41","22.34","19434","298.00","24.57","3.59","Machine_Failure"
"2022-03-01","Makino-L1-Unit1-2013","Shopfloor-L1","101.41","5.43","6.16","24.30","50.10","33.80","0.85","27.09","17726","351.00","21.98","1.91","No_Machine_Failure"
"2022-04-03","Makino-L1-Unit1-2013","Shopfloor-L1","94.33","4.71","6.84","28.70","47.10","37.60","1.10","37.68","27957","310.00","25.08","2.51","Machine_Failure"
"2022-03-29","Makino-L3-Unit1-2015","Shopfloor-L3","76.97","4.67","6.90","18.40","42.50","40.50","1.04","22.77","20801","324.00","16.45","2.47","Machine_Failure"
"2022-02-13","Makino-L1-Unit1-2013","Shopfloor-L1","126.06","3.90","6.29","7.40","52.10","26.80","0.96","24.19","22935","423.00","20.82","1.95","No_Machine_Failure"
"2022-03-15","Makino-L3-Unit1-2015","Shopfloor-L3","73.57","5.37","6.75","23.80","47.00","42.40","0.67","21.65","16198","289.00","22.14","3.04","No_Machine_Failure"
"2022-02-22","Makino-L3-Unit1-2015","Shopfloor-L3","73.91","6.84","6.74","25.60","52.80","36.00","1.39","23.96","26605","381.00","24.56","2.77","Machine_Failure"
"2022-05-11","Makino-L2-Unit1-2015","Shopfloor-L2","143.64","5.15","6.12","21.80","47.80","30.90","1.61","27.96","20721","322.00","32.49","3.03","No_Machine_Failure"
"2022-03-13","Makino-L1-Unit1-2013","Shopfloor-L1","80.03","4.38","5.92","10.50","44.70","30.20","1.61","26.02","27613","315.00","27.11","2.33","Machine_Failure"
"2022-03-27","Makino-L2-Unit1-2015","Shopfloor-L2","111.99","5.76","7.59","27.40","44.30","29.20","0.61","23.82","23075","460.00","35.58","2.02","No_Machine_Failure"
"2022-01-14","Makino-L1-Unit1-2013","Shopfloor-L1","73.35","4.98","6.21","17.30","45.30","34.00","0.78","34.53","20014","414.00","16.96","2.80","Machine_Failure"
"2022-02-27","Makino-L1-Unit1-2013","Shopfloor-L1","62.22","6.96","6.18","8.00","50.90","40.40","1.22","24.40","23432","328.00","23.88","3.49","Machine_Failure"
"2022-04-27","Makino-L3-Unit1-2015","Shopfloor-L3","86.16","4.62","6.47","8.60","47.10","27.40","0.83","34.41","18619","406.00","25.64","2.77","Machine_Failure"
"2022-02-11","Makino-L3-Unit1-2015","Shopfloor-L3","52.97","4.95","6.88","25.60","47.00","33.80","1.08","30.60","17919","340.00","15.12","2.87","Machine_Failure"
"2022-04-01","Makino-L2-Unit1-2015","Shopfloor-L2","71.87","4.64","6.67","26.40","43.00","34.60","1.22","27.44","25528","334.00","25.50","3.55","Machine_Failure"
"2022-03-15","Makino-L1-Unit1-2013","Shopfloor-L1","65.99","6.86","6.47","25.80","50.30","32.60","1.22","37.33","15826","426.00","30.17","3.55","Machine_Failure"
"2022-03-09","Makino-L3-Unit1-2015","Shopfloor-L3","162.33","5.52","6.50","7.40","46.60","35.06","0.80","17.41","22119","345.00","32.37","1.99","No_Machine_Failure"
"2022-04-14","Makino-L3-Unit1-2015","Shopfloor-L3","116.18","5.25","6.30","22.70","53.40","34.90","0.91","36.96","21131","441.00","30.51","2.88","No_Machine_Failure"
"2022-02-14","Makino-L3-Unit1-2015","Shopfloor-L3","132.67","5.60","6.83","25.90","49.90","38.30","1.64","18.96","22455","405.00","35.58","2.17","No_Machine_Failure"
"2022-03-24","Makino-L3-Unit1-2015","Shopfloor-L3","71.04","6.96","6.18","21.20","44.10","30.60","0.83","25.97","21951","334.00","29.19","2.15","Machine_Failure"
